

[
    {
      "name": "Catherine Missal",
      "rating": 4875,
      "image_path": "/g3fsRgEoMxaqPayIMtGDWERqJ6A.jpg",
      "alternative_name": null,
      "objectID": "551486300"
    },
    {
      "name": "Monica Bellucci",
      "rating": 3956,
      "image_path": "/z3sLuRKP7hQVrvSTsqdLjGSldwG.jpg",
      "alternative_name": "Monica Anna Maria Bellucci",
      "objectID": "551486310"
    },
    {
      "name": "Michael Doven",
      "rating": 2647,
      "image_path": "/fkHxoBAvAkqHxzoP1ukcbPnaaUi.jpg",
      "alternative_name": null,
      "objectID": "551486320"
    },
    {
      "name": "Jasmine Reate",
      "rating": 2378,
      "image_path": "/qgI4agu15xBlnWkZEVpZhGFsV4Y.jpg",
      "alternative_name": "J.L. Reate",
      "objectID": "551486330"
    },
    {
      "name": "Tom Cruise",
      "rating": 2237,
      "image_path": "/3oWEuo0e8Nx8JvkqYCDec2iMY6K.jpg",
      "alternative_name": null,
      "objectID": "551486340"
    },
    {
      "name": "Scarlett Johansson",
      "rating": 2128,
      "image_path": "/f3c1rwcOoeU0v6Ak5loUvMyifR0.jpg",
      "alternative_name": "Scarlett Johanssen",
      "objectID": "551486350"
    },
    {
      "name": "Anna Raadsveld",
      "rating": 1972,
      "image_path": "/hNeOrwFVEfjUgRsjSUNU6t1gt2N.jpg",
      "alternative_name": null,
      "objectID": "551486360"
    },
    {
      "name": "Jason Statham",
      "rating": 1719,
      "image_path": "/PhWiWgasncGWD9LdbsGcmxkV4r.jpg",
      "alternative_name": null,
      "objectID": "551486370"
    },
    {
      "name": "Emilia Clarke",
      "rating": 1585,
      "image_path": "/xMIjXRUkxpQs2o5VI3Om3yn6hNV.jpg",
      "alternative_name": null,
      "objectID": "551486380"
    },
    {
      "name": "Wentworth Miller",
      "rating": 1579,
      "image_path": "/z5qjqYgWfZsBrLWWm9jMRSJOtQ2.jpg",
      "alternative_name": null,
      "objectID": "551486390"
    },
    {
      "name": "Dwayne Johnson",
      "rating": 1568,
      "image_path": "/akweMz59qsSoPUJYe7QpjAc2rQp.jpg",
      "alternative_name": "The Rock",
      "objectID": "551486400"
    },
    {
      "name": "Rose Byrne",
      "rating": 1526,
      "image_path": "/fOQLAPDvqSDq4ktR7Xk8DIpzGdY.jpg",
      "alternative_name": "Mary Rose Byrne",
      "objectID": "551486410"
    },
    {
      "name": "Rachel McAdams",
      "rating": 1519,
      "image_path": "/wqSznVIPp0YDFCuZ9jjbrzDyJhV.jpg",
      "alternative_name": "Rachel Anne McAdams",
      "objectID": "551486420"
    },
    {
      "name": "Michelle Rodriguez",
      "rating": 1439,
      "image_path": "/v37VK0MNuRuJOCKPKJcZAJXRA5r.jpg",
      "alternative_name": "Michelle Rodríguez",
      "objectID": "551486430"
    },
    {
      "name": "Tom Hanks",
      "rating": 1392,
      "image_path": "/a14CNByTYALAPSGlwlmfHILpEIW.jpg",
      "alternative_name": null,
      "objectID": "551486440"
    },
    {
      "name": "Jake Gyllenhaal",
      "rating": 1312,
      "image_path": "/wRgIPBzVzIIhWcdJAduPOKJJHsL.jpg",
      "alternative_name": null,
      "objectID": "551486450"
    },
    {
      "name": "Tom Hardy",
      "rating": 1279,
      "image_path": "/5KwHVwrr982YSsCf4HaSFMLrsYf.jpg",
      "alternative_name": null,
      "objectID": "551486460"
    },
    {
      "name": "Chloë Grace Moretz",
      "rating": 1266,
      "image_path": "/wYaBEV3SOYaJbo6FDKpQW9hlMWt.jpg",
      "alternative_name": null,
      "objectID": "551486470"
    },
    {
      "name": "Johnny Depp",
      "rating": 1250,
      "image_path": "/ctaca3ALycPP0vPhRSYK5DTBEPF.jpg",
      "alternative_name": "John Christopher Depp II",
      "objectID": "551486490"
    },
    {
      "name": "Arnold Schwarzenegger",
      "rating": 1250,
      "image_path": "/3cWGPgdJn1s4O2Rvo6zN7yHkzOe.jpg",
      "alternative_name": null,
      "objectID": "551486480"
    },
    {
      "name": "Sarah Wayne Callies",
      "rating": 1223,
      "image_path": "/1WTsRFbvxU9lOWonAigOO9UCxmY.jpg",
      "alternative_name": null,
      "objectID": "551486500"
    },
    {
      "name": "Vincent Cassel",
      "rating": 1190,
      "image_path": "/yTTyX7xziiMibm0nzcH5z6xxLLv.jpg",
      "alternative_name": null,
      "objectID": "551486510"
    },
    {
      "name": "Lisa Ulliel",
      "rating": 1187,
      "image_path": "/lRMGNruBuRpqyo3sktiMqQMWlTf.jpg",
      "alternative_name": null,
      "objectID": "551486520"
    },
    {
      "name": "Rachel Weisz",
      "rating": 1156,
      "image_path": "/4DMvR5get0liIs7Bi3uTRIIdLkw.jpg",
      "alternative_name": null,
      "objectID": "551486530"
    },
    {
      "name": "Robin Williams",
      "rating": 1139,
      "image_path": "/5KebSMXT8uj2D0gkaMFJ8VEp53.jpg",
      "alternative_name": null,
      "objectID": "551486540"
    },
    {
      "name": "Chris Hemsworth",
      "rating": 1128,
      "image_path": "/kolnZraa1UaD6NS8Ic8guFmOUPZ.jpg",
      "alternative_name": null,
      "objectID": "551486550"
    },
    {
      "name": "Edwige Fenech",
      "rating": 1106,
      "image_path": "/fz85mynMO5i2lyLhQsS2Cg9PCmS.jpg",
      "alternative_name": null,
      "objectID": "551486560"
    },
    {
      "name": "Linda Fiorentino",
      "rating": 1085,
      "image_path": "/16aVa4evfjWiAnM6srkLhWYJlpZ.jpg",
      "alternative_name": null,
      "objectID": "551486570"
    },
    {
      "name": "Robert Downey Jr.",
      "rating": 1077,
      "image_path": "/r7WLn4Kbnqb6oJ8TmSI0e4LkWTj.jpg",
      "alternative_name": "Robert John Downey, Jr.",
      "objectID": "551486580"
    },
    {
      "name": "Alexandra Daddario",
      "rating": 1056,
      "image_path": "/qWy2rdPK3axHvlLV1IUKr6gWLGy.jpg",
      "alternative_name": "Alex Daddario",
      "objectID": "551486590"
    },
    {
      "name": "Anthony Hopkins",
      "rating": 1050,
      "image_path": "/wSKCjkfZ90i9vbDwKf0mlvsgdCX.jpg",
      "alternative_name": null,
      "objectID": "551486600"
    },
    {
      "name": "Claudia Koll",
      "rating": 1047,
      "image_path": "/8kROsaY1fu44Xsgxfth8RBwVRYO.jpg",
      "alternative_name": null,
      "objectID": "551486610"
    },
    {
      "name": "Lucy Liu",
      "rating": 1046,
      "image_path": "/cOSycUPBNi49YcPHo4Rf7ROHqCC.jpg",
      "alternative_name": "Lucy Alexis Liu",
      "objectID": "551486620"
    },
    {
      "name": "Samuel L. Jackson",
      "rating": 1034,
      "image_path": "/dlW6prW9HwYDsIRXNoFYtyHpSny.jpg",
      "alternative_name": "Sam Jackson",
      "objectID": "551486630"
    },
    {
      "name": "Kate Beckinsale",
      "rating": 1030,
      "image_path": "/jQoItQzlKokuhWydbwXUGg3i6bX.jpg",
      "alternative_name": "Kathrin Beckinsale",
      "objectID": "551486650"
    },
    {
      "name": "Jordana Brewster",
      "rating": 1030,
      "image_path": "/dORwXZWWmDgG66I5i2Fnr27g3fO.jpg",
      "alternative_name": null,
      "objectID": "551486640"
    },
    {
      "name": "Ashley Benson",
      "rating": 1028,
      "image_path": "/wIRcYgnVqxZEPzxAXUWFISSoiQg.jpg",
      "alternative_name": "Ashley Victoria Benson",
      "objectID": "551486660"
    },
    {
      "name": "Charlize Theron",
      "rating": 1026,
      "image_path": "/fG0mtmBm3OsvKFucvoQyqBnVwya.jpg",
      "alternative_name": null,
      "objectID": "551486670"
    },
    {
      "name": "Rosamund Pike",
      "rating": 1013,
      "image_path": "/nOiwKKOZuoB3TC3iiG1GkRzSvay.jpg",
      "alternative_name": null,
      "objectID": "551486680"
    },
    {
      "name": "Christian Bale",
      "rating": 1006,
      "image_path": "/pPXnqoGD91znz4FwQ6aKuxi6Pcy.jpg",
      "alternative_name": "کریستین بیل",
      "objectID": "551486690"
    },
    {
      "name": "Jennifer Connelly",
      "rating": 992,
      "image_path": "/i1jsYTEUoAxLzluDKwXKqheRs0J.jpg",
      "alternative_name": "Jennifer Lynn Connelly",
      "objectID": "551486700"
    },
    {
      "name": "Adam Sandler",
      "rating": 971,
      "image_path": "/tv9V6QsuZ3bcp4ciUJjwjcc4qAg.jpg",
      "alternative_name": null,
      "objectID": "551486710"
    },
    {
      "name": "Paul Walker",
      "rating": 969,
      "image_path": "/iqvYezRoEY5k8wnlfHriHQfl5dX.jpg",
      "alternative_name": null,
      "objectID": "551486720"
    },
    {
      "name": "Brad Pitt",
      "rating": 961,
      "image_path": "/kc3M04QQAuZ9woUvH3Ju5T7ZqG5.jpg",
      "alternative_name": null,
      "objectID": "551486730"
    },
    {
      "name": "Amy Adams",
      "rating": 960,
      "image_path": "/tk5eWJcOBr9uRefeUm9ntvehbLA.jpg",
      "alternative_name": "Amy Lou Adams",
      "objectID": "551486740"
    },
    {
      "name": "Milla Jovovich",
      "rating": 954,
      "image_path": "/mcNgLarIVho7LheWcvd1oQ2tBOg.jpg",
      "alternative_name": null,
      "objectID": "551486750"
    },
    {
      "name": "Chris Evans",
      "rating": 947,
      "image_path": "/ueIzur9vURNLoqZCdfWltnpuZTq.jpg",
      "alternative_name": null,
      "objectID": "551486770"
    },
    {
      "name": "Amber Heard",
      "rating": 947,
      "image_path": "/AeHnP2KOu3RmZDobNxLKtfuNeNi.jpg",
      "alternative_name": "Ембер Херд",
      "objectID": "551486760"
    },
    {
      "name": "Edward Norton",
      "rating": 937,
      "image_path": "/iUiePUAQKN4GY6jorH9m23cbVli.jpg",
      "alternative_name": null,
      "objectID": "551486780"
    },
    {
      "name": "Julianne Moore",
      "rating": 932,
      "image_path": "/zfHsSarMGjwuvfiWoVslIQm05Ho.jpg",
      "alternative_name": null,
      "objectID": "551486790"
    },
    {
      "name": "Carice van Houten",
      "rating": 924,
      "image_path": "/26XhQRxVaIftK1zgLkmYyzjGh4y.jpg",
      "alternative_name": null,
      "objectID": "551486800"
    },
    {
      "name": "Evangeline Lilly",
      "rating": 917,
      "image_path": "/A8yx5i4MGefvcLslGf9czHX8wXs.jpg",
      "alternative_name": null,
      "objectID": "551486820"
    },
    {
      "name": "Michelle Monaghan",
      "rating": 917,
      "image_path": "/9W7xBcdBeFjoZVCwP2iROk1jtkV.jpg",
      "alternative_name": null,
      "objectID": "551486810"
    },
    {
      "name": "Forest Whitaker",
      "rating": 913,
      "image_path": "/4pMQkelS5lK661m9Kz3oIxLYiyS.jpg",
      "alternative_name": null,
      "objectID": "551486830"
    },
    {
      "name": "Ben Stiller",
      "rating": 906,
      "image_path": "/umikKeCX3vEZoUcx2klxPG8571s.jpg",
      "alternative_name": null,
      "objectID": "551486840"
    },
    {
      "name": "Carla Gugino",
      "rating": 903,
      "image_path": "/rEnVfc4Xb0M5T1QvtN1k2xJ8RbX.jpg",
      "alternative_name": null,
      "objectID": "551486850"
    },
    {
      "name": "Liam Neeson",
      "rating": 902,
      "image_path": "/oxCCVmDSxWcqIyMknRoOAZkvb6D.jpg",
      "alternative_name": "William John Neeson",
      "objectID": "551486860"
    },
    {
      "name": "Eric Roberts",
      "rating": 901,
      "image_path": "/45i6fsxBwH1UyA74tWQ6am0DntC.jpg",
      "alternative_name": null,
      "objectID": "551486870"
    },
    {
      "name": "Sammo Hung",
      "rating": 897,
      "image_path": "/hpqwIMmLLpn0mMmpi4EhzARK24K.jpg",
      "alternative_name": "洪金寶",
      "objectID": "551486890"
    },
    {
      "name": "Sigourney Weaver",
      "rating": 897,
      "image_path": "/bcDb0vbfWZBHo1QEh9oQVRs3vx2.jpg",
      "alternative_name": null,
      "objectID": "551486880"
    },
    {
      "name": "Sylvester Stallone",
      "rating": 892,
      "image_path": "/gnmwOa46C2TP35N7ARSzboTdx2u.jpg",
      "alternative_name": null,
      "objectID": "551486900"
    },
    {
      "name": "Helen Mirren",
      "rating": 891,
      "image_path": "/4EGgBJPUBz68ZrnFuLVo01r0uND.jpg",
      "alternative_name": null,
      "objectID": "551486910"
    },
    {
      "name": "Chris Pratt",
      "rating": 882,
      "image_path": "/n4DD1AYU7WEMNPLga1TxqnHivn1.jpg",
      "alternative_name": null,
      "objectID": "551486920"
    },
    {
      "name": "Jude Law",
      "rating": 881,
      "image_path": "/4077Cyuo1mw53u1gNjLyQkqeZN0.jpg",
      "alternative_name": null,
      "objectID": "551486930"
    },
    {
      "name": "Katherine Heigl",
      "rating": 880,
      "image_path": "/dsMdrdIOD4xl1shUv1zl6RvXiUb.jpg",
      "alternative_name": "Katherine M. Heigl",
      "objectID": "551486940"
    },
    {
      "name": "Matthew McConaughey",
      "rating": 873,
      "image_path": "/uKj2m1hJSw4dlOLAvZ3g9WiZkAZ.jpg",
      "alternative_name": null,
      "objectID": "551486970"
    },
    {
      "name": "Jodi Lyn O'Keefe",
      "rating": 873,
      "image_path": "/akyVB9tFIjoj3PnrMBRcvzU86k5.jpg",
      "alternative_name": null,
      "objectID": "551486960"
    },
    {
      "name": "Richard Gere",
      "rating": 873,
      "image_path": "/wXj3kPwWFo8A9jDCtUVetXAR5Hf.jpg",
      "alternative_name": null,
      "objectID": "551486950"
    },
    {
      "name": "Jeremy Renner",
      "rating": 858,
      "image_path": "/pFOLCHkbTDzJ79dri1Iyz0cpAi4.jpg",
      "alternative_name": "Jeremy Lee Renner",
      "objectID": "551486990"
    },
    {
      "name": "Kirsten Dunst",
      "rating": 858,
      "image_path": "/3fjUI92bQaGOnbxHBbyR0z9h619.jpg",
      "alternative_name": null,
      "objectID": "551486980"
    },
    {
      "name": "Mark Hamill",
      "rating": 856,
      "image_path": "/zUXHs0t0rhRNg7rD1pQm09KXAKP.jpg",
      "alternative_name": "Mark Hamil",
      "objectID": "551487000"
    },
    {
      "name": "Rami Malek",
      "rating": 855,
      "image_path": "/3zj5BkNVAPKIJH7sHImiazU732s.jpg",
      "alternative_name": null,
      "objectID": "551487010"
    },
    {
      "name": "Donnie Yen",
      "rating": 853,
      "image_path": "/vlKBbOc0htUsDGvcxeULcFXDMRo.jpg",
      "alternative_name": "甄子丹",
      "objectID": "551487020"
    },
    {
      "name": "Shia LaBeouf",
      "rating": 852,
      "image_path": "/anP0tygzniIok6L3OxcSZ9TYCF3.jpg",
      "alternative_name": "Shia LeBouef",
      "objectID": "551487030"
    },
    {
      "name": "Megan Fox",
      "rating": 851,
      "image_path": "/7rq0erGOfRSQeBBqypUyxvMNYhT.jpg",
      "alternative_name": "Megan Denise Fox",
      "objectID": "551487040"
    },
    {
      "name": "Maria Bello",
      "rating": 847,
      "image_path": "/wU5I528qHPG9pAGNnghYVEW69gr.jpg",
      "alternative_name": "Maria Elaina Bello",
      "objectID": "551487050"
    },
    {
      "name": "Zoe Saldana",
      "rating": 846,
      "image_path": "/ofNrWiA2KDdqiNxFTLp51HcXUlp.jpg",
      "alternative_name": "Zoë Saldana",
      "objectID": "551487060"
    },
    {
      "name": "Kristen Stewart",
      "rating": 842,
      "image_path": "/eGsl40JleEbgjQkXHdB7BbRyz27.jpg",
      "alternative_name": null,
      "objectID": "551487070"
    },
    {
      "name": "Vin Diesel",
      "rating": 840,
      "image_path": "/qwyfzMKIhxJ7ols66FgEf7eGdcI.jpg",
      "alternative_name": "Mark Sinclair Vincent",
      "objectID": "551487080"
    },
    {
      "name": "Tommy Lee Jones",
      "rating": 837,
      "image_path": "/gRXugLFvr1oHZ6alLUxmYDq8cgW.jpg",
      "alternative_name": null,
      "objectID": "551487090"
    },
    {
      "name": "Justin Timberlake",
      "rating": 829,
      "image_path": "/lB3pku743f3N82AVXz10fGGBAgL.jpg",
      "alternative_name": null,
      "objectID": "551487100"
    },
    {
      "name": "Ariadne Shaffer",
      "rating": 825,
      "image_path": "/iGonVz2MjakCj3DX7alp65P96ls.jpg",
      "alternative_name": null,
      "objectID": "551487110"
    },
    {
      "name": "Keanu Reeves",
      "rating": 819,
      "image_path": "/id1qIb7cZs2eQno90KsKwG8VLGN.jpg",
      "alternative_name": null,
      "objectID": "551487120"
    },
    {
      "name": "Michael Fassbender",
      "rating": 817,
      "image_path": "/r6dxyfjbpOw4CG2feUhlUOLynUs.jpg",
      "alternative_name": null,
      "objectID": "551487130"
    },
    {
      "name": "Leonard Nimoy",
      "rating": 814,
      "image_path": "/5B5blUXy0PDvToh2nxZk4SVTdyP.jpg",
      "alternative_name": null,
      "objectID": "551487140"
    },
    {
      "name": "Carrie-Anne Moss",
      "rating": 812,
      "image_path": "/8iATAc5z5XOKFFARLsvaawa8MTY.jpg",
      "alternative_name": null,
      "objectID": "551487150"
    },
    {
      "name": "Michael Caine",
      "rating": 809,
      "image_path": "/nlIjMLp9zvvYM2eFm77UhI7s1nW.jpg",
      "alternative_name": "Michael Scott",
      "objectID": "551487160"
    },
    {
      "name": "Natalie Dormer",
      "rating": 806,
      "image_path": "/cpEwann4G1gOwwJnZzYV0tLYqIM.jpg",
      "alternative_name": null,
      "objectID": "551487190"
    },
    {
      "name": "Jack Black",
      "rating": 806,
      "image_path": "/kAyKg3rYGgIhB5KRaIWALuf78W3.jpg",
      "alternative_name": "Thomas Jacob Black",
      "objectID": "551487180"
    },
    {
      "name": "Jennifer Aniston",
      "rating": 806,
      "image_path": "/4d4wvNyDuvN86DoneawbLOpr8gH.jpg",
      "alternative_name": "Jennifer Joanna Aniston",
      "objectID": "551487170"
    },
    {
      "name": "Steven Spielberg",
      "rating": 802,
      "image_path": "/pOK15UNaw75Bzj7BQO1ulehbPPm.jpg",
      "alternative_name": null,
      "objectID": "551487200"
    },
    {
      "name": "Ashley Greene",
      "rating": 793,
      "image_path": "/afm3DTK2oclpiiiuDIrJaDU2XJj.jpg",
      "alternative_name": null,
      "objectID": "551487210"
    },
    {
      "name": "Colin Firth",
      "rating": 792,
      "image_path": "/kbs5HzE2KjzbKiGYQw2aXFpdvaX.jpg",
      "alternative_name": "Colin Andrew Firth",
      "objectID": "551487220"
    },
    {
      "name": "Selma Blair",
      "rating": 790,
      "image_path": "/xltCuuG4xjACQ6vQm55iuR5LFJC.jpg",
      "alternative_name": null,
      "objectID": "551487230"
    },
    {
      "name": "Nicolas Cage",
      "rating": 789,
      "image_path": "/fW37Gbk5PJZuXvyZwtcr0cMwPKY.jpg",
      "alternative_name": "Nicolas Coppola",
      "objectID": "551487240"
    },
    {
      "name": "Lacey Chabert",
      "rating": 776,
      "image_path": "/fCSUC713QF3nslnap2C4j6TAaTd.jpg",
      "alternative_name": "Esmeralda Belle Jané",
      "objectID": "551487250"
    },
    {
      "name": "Mark Ruffalo",
      "rating": 768,
      "image_path": "/isQ747u0MU8U9gdsNlPngjABclH.jpg",
      "alternative_name": null,
      "objectID": "551487260"
    },
    {
      "name": "Clint Eastwood",
      "rating": 765,
      "image_path": "/n8h4ZHteFFXfmzUW6OEaPWanDnm.jpg",
      "alternative_name": "Clint",
      "objectID": "551487270"
    },
    {
      "name": "Sharon Stone",
      "rating": 758,
      "image_path": "/n28skoawvqAymYr6gRSm2pfro0i.jpg",
      "alternative_name": null,
      "objectID": "551487280"
    },
    {
      "name": "Penélope Cruz",
      "rating": 757,
      "image_path": "/dcPSUfxMa791NZvrFiBc3ReDdpU.jpg",
      "alternative_name": "Penelope Cruz Sanchez",
      "objectID": "551487290"
    },
    {
      "name": "Winona Ryder",
      "rating": 755,
      "image_path": "/3Y2e5A0ic6fvHS9YNghfMbOaKaM.jpg",
      "alternative_name": null,
      "objectID": "551487300"
    },
    {
      "name": "Pierce Brosnan",
      "rating": 749,
      "image_path": "/mXGzfazBj7zqX9zjTIBTuCbiny7.jpg",
      "alternative_name": null,
      "objectID": "551487310"
    },
    {
      "name": "Morgan Freeman",
      "rating": 748,
      "image_path": "/oGJQhOpT8S1M56tvSsbEBePV5O1.jpg",
      "alternative_name": "Freeman",
      "objectID": "551487320"
    },
    {
      "name": "Bruce Willis",
      "rating": 747,
      "image_path": "/kI1OluWhLJk3pnR19VjOfABpnTY.jpg",
      "alternative_name": null,
      "objectID": "551487330"
    },
    {
      "name": "Katy Mixon",
      "rating": 746,
      "image_path": "/o6yDzpvqsq0bObKDGPQdoszRKyW.jpg",
      "alternative_name": null,
      "objectID": "551487370"
    },
    {
      "name": "Sean Connery",
      "rating": 746,
      "image_path": "/ce84udJZ9QRSR44jxwK2apM3DM8.jpg",
      "alternative_name": "Sir Sean Connery",
      "objectID": "551487360"
    },
    {
      "name": "Donald Sutherland",
      "rating": 746,
      "image_path": "/tPLVaPjxEscGPKS3ieByloa8Mqj.jpg",
      "alternative_name": null,
      "objectID": "551487350"
    },
    {
      "name": "Hugh Jackman",
      "rating": 746,
      "image_path": "/oVlS7sDpnWbNBzCxwjnWceSfwrl.jpg",
      "alternative_name": null,
      "objectID": "551487340"
    },
    {
      "name": "Daniel Radcliffe",
      "rating": 743,
      "image_path": "/iOJ5dWkADAM1W7HvGqfoOH5ZnJf.jpg",
      "alternative_name": "Daniel Ratfink",
      "objectID": "551487390"
    },
    {
      "name": "Danny Trejo",
      "rating": 743,
      "image_path": "/7b8cDfrmeheQbgryfCm7MeJOxxM.jpg",
      "alternative_name": "Denni Trekho",
      "objectID": "551487380"
    },
    {
      "name": "Marion Cotillard",
      "rating": 741,
      "image_path": "/mJl7ngstco78rgxSAwLCPhTEOh5.jpg",
      "alternative_name": null,
      "objectID": "551487400"
    },
    {
      "name": "Rebecca Ferguson",
      "rating": 737,
      "image_path": "/a8thKB6ZnHxxqiC7crwCyaPX63d.jpg",
      "alternative_name": null,
      "objectID": "551487410"
    },
    {
      "name": "Lee Majors",
      "rating": 734,
      "image_path": "/1CjhU32qX30hg8TOXju5KY2THkS.jpg",
      "alternative_name": null,
      "objectID": "551487440"
    },
    {
      "name": "Philip Seymour Hoffman",
      "rating": 734,
      "image_path": "/de37JbzZ80KP1LOhzIkVe5XfSwe.jpg",
      "alternative_name": null,
      "objectID": "551487430"
    },
    {
      "name": "Julia Stiles",
      "rating": 734,
      "image_path": "/wqFYU1IS1xhn4yBjlkXt9LwFYr0.jpg",
      "alternative_name": null,
      "objectID": "551487420"
    },
    {
      "name": "Paul Giamatti",
      "rating": 730,
      "image_path": "/rX4LRmkYshMRfQ6lVbeZVAfqVKI.jpg",
      "alternative_name": null,
      "objectID": "551487450"
    },
    {
      "name": "Salma Hayek",
      "rating": 729,
      "image_path": "/zMmEPWSqpACzsP5TnLdETV8j7eW.jpg",
      "alternative_name": null,
      "objectID": "551487460"
    },
    {
      "name": "Anna Faris",
      "rating": 727,
      "image_path": "/eHh3ZVEdBlXSBNjpHaGkGKvx1QI.jpg",
      "alternative_name": "Anna Kay Faris",
      "objectID": "551487480"
    },
    {
      "name": "Jon Hamm",
      "rating": 727,
      "image_path": "/7sjEnFaFNOzPeu5GhCeNJWhnOLt.jpg",
      "alternative_name": null,
      "objectID": "551487470"
    },
    {
      "name": "Sandra Bullock",
      "rating": 725,
      "image_path": "/pFudVrL9n8L0AHwMpbcfvsrjUQy.jpg",
      "alternative_name": "Sandra Annette Bullock",
      "objectID": "551487490"
    },
    {
      "name": "Cate Blanchett",
      "rating": 723,
      "image_path": "/X3CMrI6lkzLdS5ZQqQWeRJkAGU.jpg",
      "alternative_name": "Catherine Elise Blanchett",
      "objectID": "551487500"
    },
    {
      "name": "John Hurt",
      "rating": 721,
      "image_path": "/rpuH2YRLpxJjMxHq4T1QdOSVtlN.jpg",
      "alternative_name": "John Hurt CBE",
      "objectID": "551487510"
    },
    {
      "name": "Nick Nolte",
      "rating": 720,
      "image_path": "/mecF0UBz1RSnf1ggd0ltYoCwqd2.jpg",
      "alternative_name": null,
      "objectID": "551487520"
    },
    {
      "name": "Christopher Nolan",
      "rating": 718,
      "image_path": "/7OGmfDF4VHLLgbjxuEwTj3ga0uQ.jpg",
      "alternative_name": "Chris Nolan",
      "objectID": "551487530"
    },
    {
      "name": "Alonna Shaw",
      "rating": 717,
      "image_path": "/m5EBy8XIN7LT9hEdMY2ydWyoRMX.jpg",
      "alternative_name": null,
      "objectID": "551487540"
    },
    {
      "name": "Dabney Coleman",
      "rating": 715,
      "image_path": "/95I1LdB2PS2RcAL4mqUzAmJWI5x.jpg",
      "alternative_name": null,
      "objectID": "551487550"
    },
    {
      "name": "Dominic Cooper",
      "rating": 712,
      "image_path": "/z4eKEtwZXVespbZCS2qjYZaztyv.jpg",
      "alternative_name": null,
      "objectID": "551487560"
    },
    {
      "name": "Anne Hathaway",
      "rating": 709,
      "image_path": "/tCLYPoQPMSqqxp3rZDjZePJjqnF.jpg",
      "alternative_name": null,
      "objectID": "551487570"
    },
    {
      "name": "Sienna Guillory",
      "rating": 708,
      "image_path": "/pWyLeJCldGteBbSu9FhC0ef5LZx.jpg",
      "alternative_name": null,
      "objectID": "551487580"
    },
    {
      "name": "Denise Richards",
      "rating": 707,
      "image_path": "/r273Tmck64anm3uuccE8zfJD8da.jpg",
      "alternative_name": null,
      "objectID": "551487590"
    },
    {
      "name": "George Clooney",
      "rating": 706,
      "image_path": "/zOwzwGOZIqL3W80VrwosH4BkoZ6.jpg",
      "alternative_name": null,
      "objectID": "551487600"
    },
    {
      "name": "Elizabeth Banks",
      "rating": 700,
      "image_path": "/w2RrVNLQa4ApXhpIgWTkpNVS2kd.jpg",
      "alternative_name": "Elizabeth Maresal Mitchell",
      "objectID": "551487650"
    },
    {
      "name": "John Malkovich",
      "rating": 700,
      "image_path": "/nqiVrEVW3DAHS9K5L3JWO4sYngC.jpg",
      "alternative_name": null,
      "objectID": "551487640"
    },
    {
      "name": "Diane Lane",
      "rating": 700,
      "image_path": "/dMjEMuNXIT3g66qv92DOUVGBFC8.jpg",
      "alternative_name": null,
      "objectID": "551487630"
    },
    {
      "name": "Renee Rea",
      "rating": 700,
      "image_path": "/3NQM9oOLwlwutbtMWeLSIDusJsX.jpg",
      "alternative_name": "Samantha McConnell",
      "objectID": "551487620"
    },
    {
      "name": "Angelina Jolie",
      "rating": 700,
      "image_path": "/69LcCbHUpeh6WsESY8wcEiiZFjk.jpg",
      "alternative_name": null,
      "objectID": "551487610"
    },
    {
      "name": "Rachelle Lefevre",
      "rating": 699,
      "image_path": "/g6enujzJqgF3prYKp2vfvbrqhZ7.jpg",
      "alternative_name": "Rachelle Lefèvre",
      "objectID": "551487660"
    },
    {
      "name": "Hayden Christensen",
      "rating": 698,
      "image_path": "/lz6mI2hhVrGu640fxm9GQkv4V7l.jpg",
      "alternative_name": "Hayden Christiansen",
      "objectID": "551487670"
    },
    {
      "name": "Nicole Kidman",
      "rating": 697,
      "image_path": "/hnX12EBKXIK7XwBhLCGGcEnFdpf.jpg",
      "alternative_name": null,
      "objectID": "551487680"
    },
    {
      "name": "Colin Farrell",
      "rating": 696,
      "image_path": "/9FDzNq8cixv5PzJwjNXx1mJKAhU.jpg",
      "alternative_name": "Колін Фаррелл",
      "objectID": "551487690"
    },
    {
      "name": "Kate Winslet",
      "rating": 695,
      "image_path": "/2kh86i0q6y8SeBsMGz0UJ3iHMYD.jpg",
      "alternative_name": null,
      "objectID": "551487700"
    },
    {
      "name": "Carmen Electra",
      "rating": 692,
      "image_path": "/oFjqvsVleDaMtuJaLnSJdx7LUOg.jpg",
      "alternative_name": null,
      "objectID": "551487720"
    },
    {
      "name": "Olga Kurylenko",
      "rating": 692,
      "image_path": "/8jqQXZ90lxE842F0slFRzNlCdsW.jpg",
      "alternative_name": "Ольга Куриленко",
      "objectID": "551487710"
    },
    {
      "name": "Natalie Portman",
      "rating": 686,
      "image_path": "/a5I22pEXe7Ysn2BDod0C1PobPA8.jpg",
      "alternative_name": null,
      "objectID": "551487740"
    },
    {
      "name": "Emma Stone",
      "rating": 686,
      "image_path": "/psZLjAknmHVdSSNZqA6wBJ5tGxw.jpg",
      "alternative_name": null,
      "objectID": "551487730"
    },
    {
      "name": "Natalie Martinez",
      "rating": 685,
      "image_path": "/9F8hCTTuDfPn5DPjsSuwxaJVwT4.jpg",
      "alternative_name": null,
      "objectID": "551487750"
    },
    {
      "name": "Sean Bean",
      "rating": 684,
      "image_path": "/iIxP2IzvcLgr5WaTBD4UfSqaV3q.jpg",
      "alternative_name": null,
      "objectID": "551487760"
    },
    {
      "name": "Ryan Reynolds",
      "rating": 682,
      "image_path": "/3J19JiWqs4M75FFVqOdwn0DBU5q.jpg",
      "alternative_name": null,
      "objectID": "551487770"
    },
    {
      "name": "Ryan Gosling",
      "rating": 680,
      "image_path": "/5rOcicCrTCWye0O2S3dnbnWaCr1.jpg",
      "alternative_name": null,
      "objectID": "551487780"
    },
    {
      "name": "Fajah Lourens",
      "rating": 677,
      "image_path": "/zjQ6L7Roe8CJz5HLlDBUQi70iLw.jpg",
      "alternative_name": null,
      "objectID": "551487790"
    },
    {
      "name": "Orla Brady",
      "rating": 676,
      "image_path": "/3vZtTc5wlM23ClWKuPvaYS3DVj7.jpg",
      "alternative_name": null,
      "objectID": "551487820"
    },
    {
      "name": "Nina Dobrev",
      "rating": 676,
      "image_path": "/7Oc4jOZHWNYozxBxKdQr0NxoGjS.jpg",
      "alternative_name": "Nina Constantinova Dobreva",
      "objectID": "551487810"
    },
    {
      "name": "Harrison Ford",
      "rating": 676,
      "image_path": "/7CcoVFTogQgex2kJkXKMe8qHZrC.jpg",
      "alternative_name": "Harrison J. Ford",
      "objectID": "551487800"
    },
    {
      "name": "Olivia Wilde",
      "rating": 675,
      "image_path": "/3d69fgT1QOTDJxqy7FpBBAQxoM0.jpg",
      "alternative_name": null,
      "objectID": "551487830"
    },
    {
      "name": "Ben Affleck",
      "rating": 674,
      "image_path": "/yXtyygmSGtrwTfEmr6g2WgHFJIZ.jpg",
      "alternative_name": "Affleck",
      "objectID": "551487840"
    },
    {
      "name": "Noomi Rapace",
      "rating": 672,
      "image_path": "/nFD1t8MSFpgNcFgOLwEj9es9u2H.jpg",
      "alternative_name": null,
      "objectID": "551487850"
    },
    {
      "name": "Fan Bingbing",
      "rating": 671,
      "image_path": "/8DyH7uapvuJaTjrXv9ryhRARUC2.jpg",
      "alternative_name": "Fan Bing Bing",
      "objectID": "551487860"
    },
    {
      "name": "Jamie Lee Curtis",
      "rating": 669,
      "image_path": "/c4poMDwQ0nUj81m4WPriiv96ExZ.jpg",
      "alternative_name": null,
      "objectID": "551487880"
    },
    {
      "name": "Tara Elders",
      "rating": 669,
      "image_path": "/sHinWyEDznd4XZHFf9sGnw8dM1X.jpg",
      "alternative_name": null,
      "objectID": "551487870"
    },
    {
      "name": "Al Pacino",
      "rating": 666,
      "image_path": "/ks7Ba8x9fJUlP9decBr6Dh5mThX.jpg",
      "alternative_name": null,
      "objectID": "551487890"
    },
    {
      "name": "Mila Kunis",
      "rating": 665,
      "image_path": "/fFrrlndob3xAzH7yhIcpAmWwqnD.jpg",
      "alternative_name": "Мила Кунис",
      "objectID": "551487920"
    },
    {
      "name": "Eddie Redmayne",
      "rating": 665,
      "image_path": "/grB1xp10baoSVZnb4CC854ys94O.jpg",
      "alternative_name": null,
      "objectID": "551487910"
    },
    {
      "name": "Gerard Butler",
      "rating": 665,
      "image_path": "/wRKkVe5uugkx4KnmphBSjJUWPTo.jpg",
      "alternative_name": null,
      "objectID": "551487900"
    },
    {
      "name": "Henry Winkler",
      "rating": 664,
      "image_path": "/o3QkTZkDYMkKYJphYJkvMSx8eB3.jpg",
      "alternative_name": "Henry Franklin Winkler",
      "objectID": "551487930"
    },
    {
      "name": "Amanda Seyfried",
      "rating": 663,
      "image_path": "/rkMBMJyRekUnZf59ipVRrtw74xk.jpg",
      "alternative_name": null,
      "objectID": "551487940"
    },
    {
      "name": "Lena Headey",
      "rating": 659,
      "image_path": "/h9eTactBDOMB3FGU4WodKBT2rLM.jpg",
      "alternative_name": null,
      "objectID": "551487960"
    },
    {
      "name": "Kristen Wiig",
      "rating": 659,
      "image_path": "/x5avlvpHlBGGLhzbzuSfmOsMGlw.jpg",
      "alternative_name": null,
      "objectID": "551487950"
    },
    {
      "name": "Léa Seydoux",
      "rating": 658,
      "image_path": "/19gU2MSmsauB9TIh8gcd8JzvD2g.jpg",
      "alternative_name": null,
      "objectID": "551487980"
    },
    {
      "name": "Louise Fletcher",
      "rating": 658,
      "image_path": "/A4Cn7LsuLlOXvOMKv5ez4ThyeZL.jpg",
      "alternative_name": "Estelle Louise Fletcher",
      "objectID": "551487970"
    },
    {
      "name": "Channing Tatum",
      "rating": 656,
      "image_path": "/pykInmL4Y8HXNX63kkI4RsJhalF.jpg",
      "alternative_name": "Channing Matthew Tatum",
      "objectID": "551488010"
    },
    {
      "name": "Anton Yelchin",
      "rating": 656,
      "image_path": "/cUlF4fJMOYclUHA3bTFwlgFKNaH.jpg",
      "alternative_name": "Anton Viktorovich Yelchin",
      "objectID": "551488000"
    },
    {
      "name": "Alec Baldwin",
      "rating": 656,
      "image_path": "/i34dh4LKYlNOF67qSPJgzhddzyw.jpg",
      "alternative_name": null,
      "objectID": "551487990"
    },
    {
      "name": "Tyler Perry",
      "rating": 655,
      "image_path": "/fdBvkrv4lSKZ97eDLpmjlK1Tnbx.jpg",
      "alternative_name": null,
      "objectID": "551488020"
    },
    {
      "name": "Peter Dinklage",
      "rating": 652,
      "image_path": "/xuB7b4GbARu4HN6gq5zMqjGbkwF.jpg",
      "alternative_name": null,
      "objectID": "551488030"
    },
    {
      "name": "Sam Neill",
      "rating": 649,
      "image_path": "/bmTxJ3szZaQNCgYOaVRRQxBDQlF.jpg",
      "alternative_name": null,
      "objectID": "551488050"
    },
    {
      "name": "Orlando Bloom",
      "rating": 649,
      "image_path": "/vq90ECKinICxJYYZpbga4pMwch.jpg",
      "alternative_name": "奥兰多·布鲁姆",
      "objectID": "551488040"
    },
    {
      "name": "Linda Hamilton",
      "rating": 648,
      "image_path": "/fcRpgjonpH3WmPs0V63g7iP7Dbm.jpg",
      "alternative_name": "Linda Carroll Hamilton",
      "objectID": "551488090"
    },
    {
      "name": "Dennis Hopper",
      "rating": 648,
      "image_path": "/56nj2DfMVU3F9qUagZWMePLbrKF.jpg",
      "alternative_name": null,
      "objectID": "551488080"
    },
    {
      "name": "Danny Glover",
      "rating": 648,
      "image_path": "/jSNTEnm0Sxm8FRtoBfJmhmQyozH.jpg",
      "alternative_name": null,
      "objectID": "551488070"
    },
    {
      "name": "María Valverde",
      "rating": 648,
      "image_path": "/aine30cqU9ucNcdUKCC5rc5iu19.jpg",
      "alternative_name": null,
      "objectID": "551488060"
    },
    {
      "name": "Alexa PenaVega",
      "rating": 646,
      "image_path": "/vPJOYBx5FRsA4YfUjUKNeF7KCNm.jpg",
      "alternative_name": "Alexa Vega",
      "objectID": "551488100"
    },
    {
      "name": "Daniel Craig",
      "rating": 643,
      "image_path": "/cO5OUQAMM6a4Rndw5Hc81KgpF5p.jpg",
      "alternative_name": null,
      "objectID": "551488130"
    },
    {
      "name": "Jean-Claude Van Damme",
      "rating": 643,
      "image_path": "/aqZ9RjL5j44HMlBMvTaawhHiGOH.jpg",
      "alternative_name": null,
      "objectID": "551488120"
    },
    {
      "name": "Mark Boone Junior",
      "rating": 643,
      "image_path": "/nNVvaTLa8A5uwLXQvCsKoX4npwo.jpg",
      "alternative_name": null,
      "objectID": "551488110"
    },
    {
      "name": "Bill Murray",
      "rating": 640,
      "image_path": "/eb58HuFIrxS0zUmbmW4d8YXTbje.jpg",
      "alternative_name": null,
      "objectID": "551488140"
    },
    {
      "name": "Mark Strong",
      "rating": 637,
      "image_path": "/vC1a35KBxx8f2rkMKyaik7bTOud.jpg",
      "alternative_name": null,
      "objectID": "551488150"
    },
    {
      "name": "Kelly Hu",
      "rating": 636,
      "image_path": "/ldIqkVNQoig6tFdF6b1ql1iylAD.jpg",
      "alternative_name": null,
      "objectID": "551488160"
    },
    {
      "name": "Natalya Vdovina",
      "rating": 626,
      "image_path": "/6UOsRZDVqLSrH0f9xpGhLkeq3zr.jpg",
      "alternative_name": null,
      "objectID": "551488170"
    },
    {
      "name": "Julia Roberts",
      "rating": 625,
      "image_path": "/yzaIyUEKHSnEYDwltXs8gpF4SVC.jpg",
      "alternative_name": null,
      "objectID": "551488190"
    },
    {
      "name": "Karl Urban",
      "rating": 625,
      "image_path": "/tHYOUO33K7iaDw8nXyqRvDIkVuM.jpg",
      "alternative_name": null,
      "objectID": "551488180"
    },
    {
      "name": "Edward Furlong",
      "rating": 624,
      "image_path": "/o7x6XcLSZSJygjYKLMcElEehmkr.jpg",
      "alternative_name": null,
      "objectID": "551488210"
    },
    {
      "name": "Leonardo DiCaprio",
      "rating": 624,
      "image_path": "/jToSMocaCaS5YnuOJVqQ7S7pr4Q.jpg",
      "alternative_name": "Leonardo Di Caprio",
      "objectID": "551488200"
    },
    {
      "name": "Kate Hudson",
      "rating": 623,
      "image_path": "/tdytZnsqNwPxROx4vFrzsytqF4a.jpg",
      "alternative_name": null,
      "objectID": "551488230"
    },
    {
      "name": "Mickey Rourke",
      "rating": 623,
      "image_path": "/AvGzQ8fvjurGmZW3W1wlQ5WfSeT.jpg",
      "alternative_name": null,
      "objectID": "551488220"
    },
    {
      "name": "Jessica Alba",
      "rating": 621,
      "image_path": "/pkwAeOcW3ZBhN48SC4fnQt2josF.jpg",
      "alternative_name": "Jessica Marie Alba",
      "objectID": "551488260"
    },
    {
      "name": "Gina Gershon",
      "rating": 621,
      "image_path": "/11msvQiJrO3Kiv1WixhCn0QQbKv.jpg",
      "alternative_name": null,
      "objectID": "551488250"
    },
    {
      "name": "Chris Pine",
      "rating": 621,
      "image_path": "/nAYcoQqMEuZzBZzaYCQlabqKhx0.jpg",
      "alternative_name": null,
      "objectID": "551488240"
    },
    {
      "name": "Emma Watson",
      "rating": 619,
      "image_path": "/q1U3QmdWEBhW80swZxy3zSYdjjA.jpg",
      "alternative_name": null,
      "objectID": "551488270"
    },
    {
      "name": "Lucy Hale",
      "rating": 617,
      "image_path": "/r3hs2FTSp0RvR7lB2jeqF6tNg9z.jpg",
      "alternative_name": null,
      "objectID": "551488280"
    },
    {
      "name": "Claire Danes",
      "rating": 616,
      "image_path": "/bWkEsNznAXV6YciG9DVNayAOkwM.jpg",
      "alternative_name": null,
      "objectID": "551488290"
    },
    {
      "name": "Gaspard Ulliel",
      "rating": 615,
      "image_path": "/urvCqSEN0UQAxLXeGQJP9ayydmr.jpg",
      "alternative_name": null,
      "objectID": "551488330"
    },
    {
      "name": "Rosanna Arquette",
      "rating": 615,
      "image_path": "/rQMQYQUF9QzD6oDfkP6tsjmyZhS.jpg",
      "alternative_name": null,
      "objectID": "551488320"
    },
    {
      "name": "Amanda Page",
      "rating": 615,
      "image_path": "/vrGuJZpKJL3Dlt4o6DLCQC8SZWf.jpg",
      "alternative_name": null,
      "objectID": "551488310"
    },
    {
      "name": "John Goodman",
      "rating": 615,
      "image_path": "/mLJC7sRO3JnGkySJlwCJblvhBHm.jpg",
      "alternative_name": null,
      "objectID": "551488300"
    },
    {
      "name": "Jon Voight",
      "rating": 614,
      "image_path": "/c7BvyqlvqDkfkFqSBUCiR21fvTh.jpg",
      "alternative_name": null,
      "objectID": "551488340"
    },
    {
      "name": "Cary Guffey",
      "rating": 613,
      "image_path": "/fESPDQKYppdhyCLkc6YA1MxYGZF.jpg",
      "alternative_name": null,
      "objectID": "551488370"
    },
    {
      "name": "Shane West",
      "rating": 613,
      "image_path": "/1TiKpPiFwdUbs24yrNZLSzAjsnk.jpg",
      "alternative_name": null,
      "objectID": "551488360"
    },
    {
      "name": "Ron Perlman",
      "rating": 613,
      "image_path": "/xZyrXT2iEmSOokQRc1hedmxrbTi.jpg",
      "alternative_name": "Ronald Perlman",
      "objectID": "551488350"
    },
    {
      "name": "Cameron Diaz",
      "rating": 612,
      "image_path": "/ahFkUN9Sm8oF1txUHE5JcJ95Ere.jpg",
      "alternative_name": "Cameron Michelle Diaz",
      "objectID": "551488380"
    },
    {
      "name": "Brigitte Nielsen",
      "rating": 610,
      "image_path": "/sCygCFKnKR3G3yROyfwOIxJf9eM.jpg",
      "alternative_name": null,
      "objectID": "551488400"
    },
    {
      "name": "Kim Basinger",
      "rating": 610,
      "image_path": "/xpv6NgpY0mDr5QSWjZLXy5KlFn9.jpg",
      "alternative_name": null,
      "objectID": "551488390"
    },
    {
      "name": "Eva Mendes",
      "rating": 609,
      "image_path": "/6JoVMpn0CcZwb6JK7XW2E6ntU52.jpg",
      "alternative_name": null,
      "objectID": "551488410"
    },
    {
      "name": "Demi Moore",
      "rating": 608,
      "image_path": "/eLNoOYnxvhpV0BMSkNNnyyo5In7.jpg",
      "alternative_name": null,
      "objectID": "551488420"
    },
    {
      "name": "Kaley Cuoco",
      "rating": 603,
      "image_path": "/vEk1rLGhZWx5H3c7BPENIZf6xaM.jpg",
      "alternative_name": "Kaley Cuoco-Sweeting",
      "objectID": "551488440"
    },
    {
      "name": "Emily Blunt",
      "rating": 603,
      "image_path": "/A3fiIXjP1xvDn4fESU2Hl7pfmuL.jpg",
      "alternative_name": "Emily Olivia Leah Blunt",
      "objectID": "551488430"
    },
    {
      "name": "Tuba Büyüküstün",
      "rating": 601,
      "image_path": "/qVQKLx2qcKWO1RsrPeZKtBPapel.jpg",
      "alternative_name": null,
      "objectID": "551488460"
    },
    {
      "name": "Ralph Fiennes",
      "rating": 601,
      "image_path": "/llD2XyqOhxAENnJiQlvGAFcj733.jpg",
      "alternative_name": null,
      "objectID": "551488450"
    },
    {
      "name": "Kevin Spacey",
      "rating": 598,
      "image_path": "/cdowETe1PgXLjo72hDb7R7tyavf.jpg",
      "alternative_name": null,
      "objectID": "551488480"
    },
    {
      "name": "Joaquin Phoenix",
      "rating": 598,
      "image_path": "/3IhxPwyUovZGbsdwhcaU0Kvm37J.jpg",
      "alternative_name": "Leaf Phoenix",
      "objectID": "551488470"
    },
    {
      "name": "Liana Liberato",
      "rating": 596,
      "image_path": "/qNfYhqaudHwclYkiVwryMRGJX8e.jpg",
      "alternative_name": null,
      "objectID": "551488500"
    },
    {
      "name": "Harvey Keitel",
      "rating": 596,
      "image_path": "/oP3A0NaJShM1BbI7WwMFui72b7O.jpg",
      "alternative_name": null,
      "objectID": "551488490"
    },
    {
      "name": "Kristanna Loken",
      "rating": 592,
      "image_path": "/rxeYONGXlnNYOn50KjjiwgLxiGX.jpg",
      "alternative_name": null,
      "objectID": "551488520"
    },
    {
      "name": "Eddie Murphy",
      "rating": 592,
      "image_path": "/WlmlpM6YeQwgEmOX0n4bVZ08dc.jpg",
      "alternative_name": null,
      "objectID": "551488510"
    },
    {
      "name": "Shin Eun-Kyung",
      "rating": 589,
      "image_path": "/7OKUhhIfMfKGivWppXnRQi1bfQS.jpg",
      "alternative_name": "Sin Eun-kyeong",
      "objectID": "551488530"
    },
    {
      "name": "Robin Tunney",
      "rating": 587,
      "image_path": "/oQGr5vfYbkarmJQmhGmSpIhSapL.jpg",
      "alternative_name": null,
      "objectID": "551488540"
    },
    {
      "name": "Jennifer Lawrence",
      "rating": 586,
      "image_path": "/xFEz5rzkiTFV2Gx3aLaAoXGhWdp.jpg",
      "alternative_name": null,
      "objectID": "551488560"
    },
    {
      "name": "Oliver Platt",
      "rating": 586,
      "image_path": "/an9n3aUKFAN50GDsbqwIkvWlcus.jpg",
      "alternative_name": null,
      "objectID": "551488550"
    },
    {
      "name": "Kate Mara",
      "rating": 585,
      "image_path": "/h8Jkofzrxy3vMpnH1iiCZ6eZwxb.jpg",
      "alternative_name": null,
      "objectID": "551488580"
    },
    {
      "name": "50 Cent",
      "rating": 585,
      "image_path": "/gsEwsWWtC5xwFCzL2CnPmc24uIO.jpg",
      "alternative_name": "Curtis James Jackson III",
      "objectID": "551488570"
    },
    {
      "name": "Richard Madden",
      "rating": 582,
      "image_path": "/fBEQiAvjmP6nYv1MyoVtQAf2OPX.jpg",
      "alternative_name": null,
      "objectID": "551488600"
    },
    {
      "name": "Norman Reedus",
      "rating": 582,
      "image_path": "/wJBL3VdMdMD5OarXEVHmSoupiLT.jpg",
      "alternative_name": null,
      "objectID": "551488590"
    },
    {
      "name": "Nicholas Hoult",
      "rating": 580,
      "image_path": "/rKLlBCBJb3GjOMeKdGtpWIsCRJc.jpg",
      "alternative_name": null,
      "objectID": "551488620"
    },
    {
      "name": "Christopher Lee",
      "rating": 580,
      "image_path": "/3Pj0Zt1x9fwBrGGLe6DRGj8Ymmx.jpg",
      "alternative_name": "Sir Christopher Lee",
      "objectID": "551488610"
    },
    {
      "name": "Nathan Fillion",
      "rating": 578,
      "image_path": "/B7VTVtnKyFk0AtYjEbqzBQlPec.jpg",
      "alternative_name": "Nathan Christopher Fillion",
      "objectID": "551488630"
    },
    {
      "name": "Jackie Chan",
      "rating": 577,
      "image_path": "/pmKJ4sGvPQ3imzXaFnjW4Vk5Gyc.jpg",
      "alternative_name": "成龙",
      "objectID": "551488640"
    },
    {
      "name": "Jessica Chastain",
      "rating": 575,
      "image_path": "/1kS81Pio4ga1FoeYTVWGkGcmEDS.jpg",
      "alternative_name": null,
      "objectID": "551488670"
    },
    {
      "name": "Brendan Gleeson",
      "rating": 575,
      "image_path": "/pUTBk2sqFgg4aFBXHckD0qKLUYP.jpg",
      "alternative_name": null,
      "objectID": "551488660"
    },
    {
      "name": "Ethan Hawke",
      "rating": 575,
      "image_path": "/kcby6VYk6Gb0036nUyh8chY5ZAJ.jpg",
      "alternative_name": "Ethan Green Hawke",
      "objectID": "551488650"
    },
    {
      "name": "Clive Owen",
      "rating": 572,
      "image_path": "/jm2as6tLcvHCYQvmMYM4VK6JEnr.jpg",
      "alternative_name": null,
      "objectID": "551488680"
    },
    {
      "name": "Laurence Fishburne",
      "rating": 571,
      "image_path": "/mh0lZ1XsT84FayMNiT6Erh91mVu.jpg",
      "alternative_name": "Larry Fishburne",
      "objectID": "551488690"
    },
    {
      "name": "Shailene Woodley",
      "rating": 570,
      "image_path": "/xPqcqbmrcit2tFjMTLEB8bbWPhd.jpg",
      "alternative_name": null,
      "objectID": "551488710"
    },
    {
      "name": "Shu Qi",
      "rating": 570,
      "image_path": "/kmTErFq6lKQww2Yk9AfpR2Q5YWx.jpg",
      "alternative_name": "Li-Hui Lin",
      "objectID": "551488700"
    },
    {
      "name": "Elisha Cuthbert",
      "rating": 569,
      "image_path": "/3CTK6oW2LfGVE7ICsKzeSxngp3H.jpg",
      "alternative_name": null,
      "objectID": "551488740"
    },
    {
      "name": "Vincent D'Onofrio",
      "rating": 569,
      "image_path": "/4pgzL6eP5Qdf2PhagqTNVEshv5e.jpg",
      "alternative_name": null,
      "objectID": "551488730"
    },
    {
      "name": "Dominic Purcell",
      "rating": 569,
      "image_path": "/eoWSvIMZ82IW15eUYubw39VKHSd.jpg",
      "alternative_name": null,
      "objectID": "551488720"
    },
    {
      "name": "Bryan Cranston",
      "rating": 568,
      "image_path": "/fnglrIFnI5cK4OAh66AZN86mkFq.jpg",
      "alternative_name": null,
      "objectID": "551488750"
    },
    {
      "name": "Peyton List",
      "rating": 567,
      "image_path": "/yAMajtPm0H5JBKJxaug1vM8ELQM.jpg",
      "alternative_name": null,
      "objectID": "551488770"
    },
    {
      "name": "Robert Swenson",
      "rating": 567,
      "image_path": "/cNuq7a8nCxRw9pNvQVVQoONkNsw.jpg",
      "alternative_name": null,
      "objectID": "551488760"
    },
    {
      "name": "George Miller",
      "rating": 566,
      "image_path": "/odbXhZmCBxjVCzRTxvZhrchBnN0.jpg",
      "alternative_name": null,
      "objectID": "551488780"
    },
    {
      "name": "Ernest Borgnine",
      "rating": 564,
      "image_path": "/jncvBRxHzlmfilXBDYJw1udTSB0.jpg",
      "alternative_name": "Ermes Effron Borgnino",
      "objectID": "551488790"
    },
    {
      "name": "Owen Wilson",
      "rating": 563,
      "image_path": "/j7oYgvfDiO34VcFdSB7GhM2CSle.jpg",
      "alternative_name": null,
      "objectID": "551488820"
    },
    {
      "name": "Woody Harrelson",
      "rating": 563,
      "image_path": "/ivfalpnvELPaSILqP6K6rabXfsU.jpg",
      "alternative_name": "Вуді Гаррельсон",
      "objectID": "551488810"
    },
    {
      "name": "Jeremy Irons",
      "rating": 563,
      "image_path": "/9AWphjIgGX7JjTrwrx3tsTZlUgv.jpg",
      "alternative_name": null,
      "objectID": "551488800"
    },
    {
      "name": "Kristen Bell",
      "rating": 562,
      "image_path": "/9DoDVUkoXhT3O2R1RymPlOfUryl.jpg",
      "alternative_name": "Kristen Anne Bell",
      "objectID": "551488840"
    },
    {
      "name": "Claudia Cardinale",
      "rating": 562,
      "image_path": "/tV3oboOm0Iix0AEtQKGPnPE2hbF.jpg",
      "alternative_name": "Claude Joséphine Rose Cardinale",
      "objectID": "551488830"
    },
    {
      "name": "Quentin Tarantino",
      "rating": 561,
      "image_path": "/6grjDWpEIPL5QdRbUZFxVEp5TCd.jpg",
      "alternative_name": "Quentin Jerome Tarantino",
      "objectID": "551488860"
    },
    {
      "name": "Mia Kirshner",
      "rating": 561,
      "image_path": "/pgQw5mlHRwWKBwLMdMj2jqiwK5D.jpg",
      "alternative_name": null,
      "objectID": "551488850"
    },
    {
      "name": "Alice Eve",
      "rating": 560,
      "image_path": "/G3YOQbFMnPGBO5LrN3WJTs2kJf.jpg",
      "alternative_name": null,
      "objectID": "551488890"
    },
    {
      "name": "Dougray Scott",
      "rating": 560,
      "image_path": "/jzHFzUH097772iacix0F4XSIZz4.jpg",
      "alternative_name": null,
      "objectID": "551488880"
    },
    {
      "name": "Taron Egerton",
      "rating": 560,
      "image_path": "/bVsLVoO3BGoHRLjWoM4Gjav2hNb.jpg",
      "alternative_name": null,
      "objectID": "551488870"
    },
    {
      "name": "Tyrese Gibson",
      "rating": 559,
      "image_path": "/2eQsxfTHsARKXOtPu3W4c2n5RzQ.jpg",
      "alternative_name": null,
      "objectID": "551488900"
    },
    {
      "name": "Solène Rigot",
      "rating": 556,
      "image_path": "/axjHYWo91vYoGE39YqPVfRhSbr5.jpg",
      "alternative_name": null,
      "objectID": "551488920"
    },
    {
      "name": "Luke Evans",
      "rating": 556,
      "image_path": "/1d31uDYub8TaLOPWfgX78OotduD.jpg",
      "alternative_name": null,
      "objectID": "551488910"
    },
    {
      "name": "Rebecca Hall",
      "rating": 555,
      "image_path": "/pDY00JdSgDxXxMsBOJcShJjDVxl.jpg",
      "alternative_name": null,
      "objectID": "551488940"
    },
    {
      "name": "Viggo Mortensen",
      "rating": 555,
      "image_path": "/bsW2qXbMCc6mo8eGj5Lpi7GrC7N.jpg",
      "alternative_name": null,
      "objectID": "551488930"
    },
    {
      "name": "Izabella Miko",
      "rating": 554,
      "image_path": "/y17WPWE0tOFroVttwayzU3Q2Mxb.jpg",
      "alternative_name": null,
      "objectID": "551488960"
    },
    {
      "name": "J. Pat O'Malley",
      "rating": 554,
      "image_path": "/if8jAnsuARxFUy3k7PhaFqzHd9N.jpg",
      "alternative_name": null,
      "objectID": "551488950"
    },
    {
      "name": "Emily Watson",
      "rating": 553,
      "image_path": "/jyIC8axLoCrbQoKGGjGFRU7hfNI.jpg",
      "alternative_name": null,
      "objectID": "551489000"
    },
    {
      "name": "Sam Worthington",
      "rating": 553,
      "image_path": "/9XzAE3ZnCnazub4xrSY8YBN7sNq.jpg",
      "alternative_name": null,
      "objectID": "551488990"
    },
    {
      "name": "Naomi Watts",
      "rating": 553,
      "image_path": "/8W02WOJI1pEGh2iqQsgITR5tV0P.jpg",
      "alternative_name": null,
      "objectID": "551488980"
    },
    {
      "name": "Rene Russo",
      "rating": 553,
      "image_path": "/aaPzuXRHdyxamPMXqu70okPaqvB.jpg",
      "alternative_name": null,
      "objectID": "551488970"
    },
    {
      "name": "Ice Cube",
      "rating": 551,
      "image_path": "/dzdn1tyWkC4EjlBVKvpAhg5osYA.jpg",
      "alternative_name": "Ice Cube Nwa",
      "objectID": "551489010"
    },
    {
      "name": "Uma Thurman",
      "rating": 550,
      "image_path": "/1syarPILK8IIFvBHhlK8pdBZ2bz.jpg",
      "alternative_name": null,
      "objectID": "551489020"
    },
    {
      "name": "Kaya Scodelario",
      "rating": 549,
      "image_path": "/s3ujVl6I2jyr5tZjvNxvpKm3o7S.jpg",
      "alternative_name": null,
      "objectID": "551489030"
    },
    {
      "name": "David O'Hara",
      "rating": 548,
      "image_path": "/sJ35AHaSTzSrvd80xrlC1CD30iF.jpg",
      "alternative_name": null,
      "objectID": "551489040"
    },
    {
      "name": "Jan Sterling",
      "rating": 547,
      "image_path": "/kbDFYUzTVZddegCczn0BljjpWb7.jpg",
      "alternative_name": null,
      "objectID": "551489070"
    },
    {
      "name": "Glenn Thomas Jacobs",
      "rating": 547,
      "image_path": "/jMUbn5h9ET6E8QqJI63NDlqM650.jpg",
      "alternative_name": "Kane",
      "objectID": "551489060"
    },
    {
      "name": "Dakota Blue Richards",
      "rating": 547,
      "image_path": "/23pGkpzWHG07ExWDHKMGs6Es5Fv.jpg",
      "alternative_name": null,
      "objectID": "551489050"
    },
    {
      "name": "William Shatner",
      "rating": 546,
      "image_path": "/5hWNPFmnzlFAkGMleBKkeFFcxhY.jpg",
      "alternative_name": null,
      "objectID": "551489090"
    },
    {
      "name": "Will Ferrell",
      "rating": 546,
      "image_path": "/dGxt3uGPlUJKIfHYiLasnEgR90e.jpg",
      "alternative_name": null,
      "objectID": "551489080"
    },
    {
      "name": "Nora Miao",
      "rating": 545,
      "image_path": "/AsLdf8DkE7T5DlPNHk5LyzUrIsz.jpg",
      "alternative_name": "Miao Ko-Sou",
      "objectID": "551489100"
    },
    {
      "name": "Emmanuelle Chriqui",
      "rating": 544,
      "image_path": "/d2PyTKZyt5Ndk9am6PJ8u6jRdjH.jpg",
      "alternative_name": null,
      "objectID": "551489110"
    },
    {
      "name": "Seth Rogen",
      "rating": 543,
      "image_path": "/3U9s4dvXQuk1l3ZT3MqwqpmeRqI.jpg",
      "alternative_name": null,
      "objectID": "551489150"
    },
    {
      "name": "John Leguizamo",
      "rating": 543,
      "image_path": "/wlcCiSjmcXHJCG7WATmbwYIRnmX.jpg",
      "alternative_name": null,
      "objectID": "551489140"
    },
    {
      "name": "Ioan Gruffudd",
      "rating": 543,
      "image_path": "/iGJI8szrwaRBd484sGO8OOm1HOH.jpg",
      "alternative_name": null,
      "objectID": "551489130"
    },
    {
      "name": "Jeremy Sumpter",
      "rating": 543,
      "image_path": "/erNaw0imhMzn3OqGcOQPQeQ4RtI.jpg",
      "alternative_name": null,
      "objectID": "551489120"
    },
    {
      "name": "Charlotte Gainsbourg",
      "rating": 542,
      "image_path": "/4TKuzaPGVH1BRMp6v22hAPkclkK.jpg",
      "alternative_name": "Charlotte Lucy Gainsbourg",
      "objectID": "551489180"
    },
    {
      "name": "Viola Davis",
      "rating": 542,
      "image_path": "/bqdE1CNQ7LokkzMZgKJlgDE5n6U.jpg",
      "alternative_name": null,
      "objectID": "551489170"
    },
    {
      "name": "Dan Duryea",
      "rating": 542,
      "image_path": "/577hAUPy04u98IwsHKO2rQriJ2e.jpg",
      "alternative_name": null,
      "objectID": "551489160"
    },
    {
      "name": "Jamie Foxx",
      "rating": 537,
      "image_path": "/1yr8Pv1tSWnQkCwDLrzUIzZVurM.jpg",
      "alternative_name": null,
      "objectID": "551489210"
    },
    {
      "name": "Cliff Curtis",
      "rating": 537,
      "image_path": "/dkSlTaKKe0uaKKAscVaSHlGq4g3.jpg",
      "alternative_name": null,
      "objectID": "551489200"
    },
    {
      "name": "Cara Delevingne",
      "rating": 537,
      "image_path": "/zYDFAIgSihaLiYoFzQU9Wl5VkvO.jpg",
      "alternative_name": null,
      "objectID": "551489190"
    },
    {
      "name": "James Gandolfini",
      "rating": 536,
      "image_path": "/19r3knxqTAPUgfItOPXg3ouOcpI.jpg",
      "alternative_name": null,
      "objectID": "551489250"
    },
    {
      "name": "Ida Lupino",
      "rating": 536,
      "image_path": "/fjIFL366O3LDr9mPnZd1P8nuB7A.jpg",
      "alternative_name": null,
      "objectID": "551489240"
    },
    {
      "name": "Patrick Wilson",
      "rating": 536,
      "image_path": "/djhTpbOvrfdDsWZFFintj2Uv47a.jpg",
      "alternative_name": null,
      "objectID": "551489230"
    },
    {
      "name": "Mel Gibson",
      "rating": 536,
      "image_path": "/6VGgL0bBvPIJ9vDOyyGf5nK2zL4.jpg",
      "alternative_name": "Mel Columcille Gerard Gibson",
      "objectID": "551489220"
    },
    {
      "name": "James Purefoy",
      "rating": 535,
      "image_path": "/5HJn5a5xHsQYVvbVSDyytZB5Tci.jpg",
      "alternative_name": null,
      "objectID": "551489270"
    },
    {
      "name": "Rachael Leigh Cook",
      "rating": 535,
      "image_path": "/xPcfVq2UMihLNmPvYhFXV0IXiwF.jpg",
      "alternative_name": "Rachael Gillies",
      "objectID": "551489260"
    },
    {
      "name": "James Cameron",
      "rating": 534,
      "image_path": "/6Zk8h1XsPGKUM8M8cKUHAnmnc8O.jpg",
      "alternative_name": null,
      "objectID": "551489290"
    },
    {
      "name": "Jonah Hill",
      "rating": 534,
      "image_path": "/paKfXGK2gnYHWkqe1NiQR1pGac7.jpg",
      "alternative_name": null,
      "objectID": "551489280"
    },
    {
      "name": "Kellan Lutz",
      "rating": 533,
      "image_path": "/sNgRpXCVyDesWJReOX2cNa7oijS.jpg",
      "alternative_name": null,
      "objectID": "551489310"
    },
    {
      "name": "Joseph Gordon-Levitt",
      "rating": 533,
      "image_path": "/zSuXCR6xCKIgo0gWLdp8moMlH3I.jpg",
      "alternative_name": null,
      "objectID": "551489300"
    },
    {
      "name": "Ian McKellen",
      "rating": 532,
      "image_path": "/c51mP46oPgAgFf7bFWVHlScZynM.jpg",
      "alternative_name": "Sir Ian McKellen",
      "objectID": "551489320"
    },
    {
      "name": "Garrett Hedlund",
      "rating": 531,
      "image_path": "/2UXqL30fM8ygySH0I5iy5RFx9Tp.jpg",
      "alternative_name": null,
      "objectID": "551489330"
    },
    {
      "name": "Amy Poehler",
      "rating": 530,
      "image_path": "/qvVYBwZncnWoiu48GklLXQKMngm.jpg",
      "alternative_name": null,
      "objectID": "551489350"
    },
    {
      "name": "Elijah Wood",
      "rating": 530,
      "image_path": "/r3XfDLyaaMb3RKWcsmGggRTMEhe.jpg",
      "alternative_name": null,
      "objectID": "551489340"
    },
    {
      "name": "Adam Baldwin",
      "rating": 529,
      "image_path": "/vhZ8AD36h09mBLuyIXboglRLgIu.jpg",
      "alternative_name": null,
      "objectID": "551489370"
    },
    {
      "name": "Eva Green",
      "rating": 529,
      "image_path": "/qXlDuXpDlx7JTxtB78qG9DgKIzz.jpg",
      "alternative_name": null,
      "objectID": "551489360"
    },
    {
      "name": "Michelle Williams",
      "rating": 528,
      "image_path": "/zUvxAK66dVIOMH7M0yZWGkkwZGL.jpg",
      "alternative_name": null,
      "objectID": "551489390"
    },
    {
      "name": "Lea Thompson",
      "rating": 528,
      "image_path": "/dA1BESp4Now9aULstKMReI8hzui.jpg",
      "alternative_name": "Lea Katherine Thompson",
      "objectID": "551489380"
    },
    {
      "name": "Ivy Chen",
      "rating": 527,
      "image_path": "/ukRPIkzQx9JB8G4snx3rK9tCegf.jpg",
      "alternative_name": "Chen Yi-han",
      "objectID": "551489410"
    },
    {
      "name": "Kris Kristofferson",
      "rating": 527,
      "image_path": "/hiGkNoiAwnUgY9XZ3YhiWMvKngi.jpg",
      "alternative_name": null,
      "objectID": "551489400"
    },
    {
      "name": "ناهد جبر",
      "rating": 526,
      "image_path": "/1CbTJkFTxcTGzd8g6yRH9kXit6Y.jpg",
      "alternative_name": null,
      "objectID": "551489450"
    },
    {
      "name": "Shannon Tweed",
      "rating": 526,
      "image_path": "/cfHhjZIPqXXOZ9rsQguofYrTQL9.jpg",
      "alternative_name": null,
      "objectID": "551489440"
    },
    {
      "name": "Hayley Atwell",
      "rating": 526,
      "image_path": "/w6xp5nvj8boZTJ24ZH4bhh4Lx7B.jpg",
      "alternative_name": "Hayley Elizabeth Atwell",
      "objectID": "551489430"
    },
    {
      "name": "Kelly Overton",
      "rating": 526,
      "image_path": "/z4ConG73glBC7RJPOUvClLlb0k5.jpg",
      "alternative_name": null,
      "objectID": "551489420"
    },
    {
      "name": "Emma Roberts",
      "rating": 525,
      "image_path": "/yzf0nMrsxf1LjeFtoIw6Qwh7GpG.jpg",
      "alternative_name": null,
      "objectID": "551489500"
    },
    {
      "name": "Ken Duken",
      "rating": 525,
      "image_path": "/tuyAiTfdMeUwR4qLUJButZmRZDd.jpg",
      "alternative_name": "Ken Albert Duken",
      "objectID": "551489490"
    },
    {
      "name": "Ray Stevenson",
      "rating": 525,
      "image_path": "/bcd9uqwfCVYsu7rduZnPVYUkyfU.jpg",
      "alternative_name": null,
      "objectID": "551489480"
    },
    {
      "name": "Tony Leung Ka-Fai",
      "rating": 525,
      "image_path": "/vxrUpkWMqWYMjx5bg8Q0fioBrQg.jpg",
      "alternative_name": "Tony Leung Kar-Fai",
      "objectID": "551489470"
    },
    {
      "name": "Gwyneth Paltrow",
      "rating": 525,
      "image_path": "/66uyrmrE4igiAd2H4tMol5nGopx.jpg",
      "alternative_name": null,
      "objectID": "551489460"
    },
    {
      "name": "Ray Liotta",
      "rating": 524,
      "image_path": "/o4jJSH3sri9dSIJwsCgT4de1535.jpg",
      "alternative_name": null,
      "objectID": "551489510"
    },
    {
      "name": "Christopher Lloyd",
      "rating": 523,
      "image_path": "/iQzG9apaIsHnn7iGrer3YEDp8Zo.jpg",
      "alternative_name": "Chris Lloyd",
      "objectID": "551489550"
    },
    {
      "name": "Raquel Welch",
      "rating": 523,
      "image_path": "/dEr7QkkgOqCwH1uc5VXzTxDveAv.jpg",
      "alternative_name": null,
      "objectID": "551489540"
    },
    {
      "name": "Rebecca Harrell Tickell",
      "rating": 523,
      "image_path": "/mGAUC2E40RndJukuHNahGbA0xsM.jpg",
      "alternative_name": null,
      "objectID": "551489530"
    },
    {
      "name": "Jodie Foster",
      "rating": 523,
      "image_path": "/9M6PpoJGwjhTantETojfFDc3VhW.jpg",
      "alternative_name": "Jody Foster",
      "objectID": "551489520"
    },
    {
      "name": "Stellan Skarsgård",
      "rating": 522,
      "image_path": "/hjWdhX7zEI0DkF7gA4hcEVcYCZl.jpg",
      "alternative_name": null,
      "objectID": "551489570"
    },
    {
      "name": "Pam Grier",
      "rating": 522,
      "image_path": "/8NaNIFhKySQ2fkwSlhoOGFgqtHO.jpg",
      "alternative_name": null,
      "objectID": "551489560"
    },
    {
      "name": "Kim Cattrall",
      "rating": 521,
      "image_path": "/A6jOlVc2aMgVSLZSGJHppYdzafq.jpg",
      "alternative_name": null,
      "objectID": "551489590"
    },
    {
      "name": "Victor Mature",
      "rating": 521,
      "image_path": "/pH8HaqCRhhWcP2VkaHli6eZllxy.jpg",
      "alternative_name": null,
      "objectID": "551489580"
    },
    {
      "name": "Alona Tal",
      "rating": 520,
      "image_path": "/k32JlDCKKItwaxqJn6qA6bbZE7H.jpg",
      "alternative_name": null,
      "objectID": "551489610"
    },
    {
      "name": "Matt Damon",
      "rating": 520,
      "image_path": "/eLAWpp5BLbTwjj35MbGzpL0QkWv.jpg",
      "alternative_name": null,
      "objectID": "551489600"
    },
    {
      "name": "Aaron Paul",
      "rating": 519,
      "image_path": "/pAa8H7DjgXENBhyvJy0hVLKvVT6.jpg",
      "alternative_name": null,
      "objectID": "551489630"
    },
    {
      "name": "Stella Stevens",
      "rating": 519,
      "image_path": "/hsNwoHrAe6ZWaBl4f62YiP2iJqo.jpg",
      "alternative_name": null,
      "objectID": "551489620"
    },
    {
      "name": "Charlton Heston",
      "rating": 518,
      "image_path": "/6EssaZBaM5bFkJ21OQ2KGcGqAVU.jpg",
      "alternative_name": null,
      "objectID": "551489650"
    },
    {
      "name": "Tommy Flanagan",
      "rating": 518,
      "image_path": "/eVHvVN05wJSINFlkjxjwOwe6C3L.jpg",
      "alternative_name": null,
      "objectID": "551489640"
    },
    {
      "name": "Jack Nicholson",
      "rating": 517,
      "image_path": "/z5kVLyn3sxj0wNRlFgVgT6deeRO.jpg",
      "alternative_name": null,
      "objectID": "551489710"
    },
    {
      "name": "Nicola Peltz",
      "rating": 517,
      "image_path": "/3NLYsEVZON71ceR01bb6gf13iRJ.jpg",
      "alternative_name": null,
      "objectID": "551489700"
    },
    {
      "name": "Katey Sagal",
      "rating": 517,
      "image_path": "/gPoOCjmrdTus013M3obYVZIj0Jx.jpg",
      "alternative_name": "Catherine Louise Sagal",
      "objectID": "551489690"
    },
    {
      "name": "Julie Andrews",
      "rating": 517,
      "image_path": "/aSJYNCyNmM1v6NPBfLcJ3noxkCE.jpg",
      "alternative_name": null,
      "objectID": "551489680"
    },
    {
      "name": "Luis Guzmán",
      "rating": 517,
      "image_path": "/9rj7Qka1tT85J3JoXBexJtLx6vn.jpg",
      "alternative_name": "Luiz Gusman",
      "objectID": "551489670"
    },
    {
      "name": "Laura Harring",
      "rating": 517,
      "image_path": "/ng0u5d41FhJDS9mJ74nYnd7XNZP.jpg",
      "alternative_name": null,
      "objectID": "551489660"
    },
    {
      "name": "Miles Teller",
      "rating": 516,
      "image_path": "/BP15HuH50mYKjrj62rKKvTtclz.jpg",
      "alternative_name": null,
      "objectID": "551489760"
    },
    {
      "name": "Beau Bridges",
      "rating": 516,
      "image_path": "/xv6sDCHxHvBgCK4y96H32kxgcdr.jpg",
      "alternative_name": null,
      "objectID": "551489750"
    },
    {
      "name": "Ali Larter",
      "rating": 516,
      "image_path": "/4MVvnnOcZYb7rxfZQnK2EPDhokW.jpg",
      "alternative_name": null,
      "objectID": "551489740"
    },
    {
      "name": "James Spader",
      "rating": 516,
      "image_path": "/gFDjZje8P0S3MzHuw1cxiYuHBX5.jpg",
      "alternative_name": null,
      "objectID": "551489730"
    },
    {
      "name": "Jon Bernthal",
      "rating": 516,
      "image_path": "/hFpuhH1RGX9g1c2ZkUsog6yyYwa.jpg",
      "alternative_name": null,
      "objectID": "551489720"
    },
    {
      "name": "Logan Lerman",
      "rating": 515,
      "image_path": "/gXIjdNob4AOZlv3BjboAei5lhHi.jpg",
      "alternative_name": null,
      "objectID": "551489800"
    },
    {
      "name": "Sacha Baron Cohen",
      "rating": 515,
      "image_path": "/9UWxlTsGAfRAcxG2LcUMbfR3FiF.jpg",
      "alternative_name": null,
      "objectID": "551489790"
    },
    {
      "name": "Jason Clarke",
      "rating": 515,
      "image_path": "/k0wyfdMPh6TSaDKkrreuQIfg1sr.jpg",
      "alternative_name": "Jason Clark",
      "objectID": "551489780"
    },
    {
      "name": "Tom Wilkinson",
      "rating": 515,
      "image_path": "/4mxZKgdem0sQ8hJd0Y7TREwq7TJ.jpg",
      "alternative_name": null,
      "objectID": "551489770"
    },
    {
      "name": "Robert De Niro",
      "rating": 514,
      "image_path": "/8Bgdfv1oN9Mw0YuMHP6fw8KzDkc.jpg",
      "alternative_name": "Robert DeNiro",
      "objectID": "551489810"
    },
    {
      "name": "Lee Pace",
      "rating": 513,
      "image_path": "/93N1awB9SAUgXTejEFCXUDfi6hP.jpg",
      "alternative_name": null,
      "objectID": "551489830"
    },
    {
      "name": "Laura Antonelli",
      "rating": 513,
      "image_path": "/uZHtqZeCHqQFv25bCNGGdFY1Sol.jpg",
      "alternative_name": null,
      "objectID": "551489820"
    },
    {
      "name": "Geoffrey Rush",
      "rating": 511,
      "image_path": "/c0jbNjWb9DHm5xfBIeEtHZdZJmI.jpg",
      "alternative_name": null,
      "objectID": "551489840"
    },
    {
      "name": "Aishwarya Rai Bachchan",
      "rating": 510,
      "image_path": "/3iSTsyBx5FwfbIrMJXMKFJ0eWlL.jpg",
      "alternative_name": null,
      "objectID": "551489860"
    },
    {
      "name": "Connie Nielsen",
      "rating": 510,
      "image_path": "/zBW19um2qW6uGIrl9LvUTZoD4MM.jpg",
      "alternative_name": null,
      "objectID": "551489850"
    },
    {
      "name": "Jim Broadbent",
      "rating": 509,
      "image_path": "/atBa5ONgpQtbiXCIZrlNOKEFgA5.jpg",
      "alternative_name": "James Broadbent",
      "objectID": "551489870"
    },
    {
      "name": "Catherine Zeta-Jones",
      "rating": 508,
      "image_path": "/3qDN8It9ulUqpOqkxJgW0WnWFho.jpg",
      "alternative_name": "Catherine Jones",
      "objectID": "551489890"
    },
    {
      "name": "Paul McGann",
      "rating": 508,
      "image_path": "/vtp1wTbuxO9JfKP52xo0pjCOkh9.jpg",
      "alternative_name": null,
      "objectID": "551489880"
    },
    {
      "name": "Louis C.K.",
      "rating": 507,
      "image_path": "/6x5c5IaJOo1nHZh0AykVEw1od7h.jpg",
      "alternative_name": "Louis Székely, Jr.",
      "objectID": "551489900"
    },
    {
      "name": "James McAvoy",
      "rating": 506,
      "image_path": "/26UEbgEJ8sH3JUgQd6qDaNnJEbS.jpg",
      "alternative_name": null,
      "objectID": "551489930"
    },
    {
      "name": "Christina Hendricks",
      "rating": 506,
      "image_path": "/d9KRMyCHigiHoDgmi1GX8EbhkOz.jpg",
      "alternative_name": null,
      "objectID": "551489920"
    },
    {
      "name": "John C. Reilly",
      "rating": 506,
      "image_path": "/kUo2TPQp4kOWWvijvkjLl0v9PQB.jpg",
      "alternative_name": null,
      "objectID": "551489910"
    },
    {
      "name": "Seth MacFarlane",
      "rating": 504,
      "image_path": "/v4c6JhGYpjMRBwf95gtPxBnElNu.jpg",
      "alternative_name": null,
      "objectID": "551489960"
    },
    {
      "name": "Dennis Chan",
      "rating": 504,
      "image_path": "/qZiaEH1JJt8c0WUPJl9gqArGT2P.jpg",
      "alternative_name": null,
      "objectID": "551489950"
    },
    {
      "name": "Ted de Corsia",
      "rating": 503,
      "image_path": "/63mhu9Qa62Viwy9tAdOFL9Spsf.jpg",
      "alternative_name": null,
      "objectID": "551490020"
    },
    {
      "name": "Robin Wright",
      "rating": 503,
      "image_path": "/cke0NNZP4lHRtOethRy2XGSOp3E.jpg",
      "alternative_name": "Robin Wright-Penn",
      "objectID": "551490010"
    },
    {
      "name": "Kim Dickens",
      "rating": 503,
      "image_path": "/yIXBljS46WXvRk2gma3ravVBBgU.jpg",
      "alternative_name": "Kimberly Jan Dickens",
      "objectID": "551490000"
    },
    {
      "name": "Yuen Biao",
      "rating": 503,
      "image_path": "/hdBQMhtzpamgodIURGPQAcKdbWC.jpg",
      "alternative_name": "Biao Yuen",
      "objectID": "551489990"
    },
    {
      "name": "Anne Bancroft",
      "rating": 503,
      "image_path": "/4VMhut6tvXqXBmMGFRjXbbImAZW.jpg",
      "alternative_name": null,
      "objectID": "551489980"
    },
    {
      "name": "Peter Stormare",
      "rating": 503,
      "image_path": "/dDR0brp5L7fXDyEywrhjQv01LSg.jpg",
      "alternative_name": null,
      "objectID": "551489970"
    },
    {
      "name": "Hugh Keays-Byrne",
      "rating": 502,
      "image_path": "/lhYUcPimMMy7Ltp58NkB3RuJzSv.jpg",
      "alternative_name": null,
      "objectID": "551490040"
    },
    {
      "name": "Drew Barrymore",
      "rating": 502,
      "image_path": "/y8GKPHsBXVGIGBdDzdNxjm0IbKF.jpg",
      "alternative_name": null,
      "objectID": "551490030"
    },
    {
      "name": "Sophie Marceau",
      "rating": 501,
      "image_path": "/5pJ16f9QxzZMzcr9CpSnr6dTwGG.jpg",
      "alternative_name": null,
      "objectID": "551490060"
    },
    {
      "name": "Alain Delon",
      "rating": 501,
      "image_path": "/jNXHnLspNoh1ZOH7gwCkMrjLA7R.jpg",
      "alternative_name": "Ален Делон",
      "objectID": "551490050"
    },
    {
      "name": "Susan Sarandon",
      "rating": 500,
      "image_path": "/rjK7SERcPfwnRtPtOwH6EcvdWX4.jpg",
      "alternative_name": null,
      "objectID": "551490070"
    },
    {
      "name": "Danielle Panabaker",
      "rating": 499,
      "image_path": "/mZJBKATPpwnzmqODJKj61YfnVF6.jpg",
      "alternative_name": null,
      "objectID": "551490080"
    },
    {
      "name": "Ellen Page",
      "rating": 498,
      "image_path": "/vDunkYxyQPkzx9EwkfSZVCSzBlO.jpg",
      "alternative_name": null,
      "objectID": "551490110"
    },
    {
      "name": "Dolph Lundgren",
      "rating": 498,
      "image_path": "/hjR1tpZV5XKX8daIKmU80ZuOfMO.jpg",
      "alternative_name": null,
      "objectID": "551490100"
    },
    {
      "name": "Hugh Grant",
      "rating": 498,
      "image_path": "/eN2hNsDFygyQ4zNB6Jg0UmTAfLh.jpg",
      "alternative_name": null,
      "objectID": "551490090"
    },
    {
      "name": "Meg Ryan",
      "rating": 496,
      "image_path": "/iv33eEcSakPCkO2MiR4bIZpjgyg.jpg",
      "alternative_name": null,
      "objectID": "551490190"
    },
    {
      "name": "Thomas Kretschmann",
      "rating": 496,
      "image_path": "/allahLWNWLQpeY46nUg1d6zSO7T.jpg",
      "alternative_name": null,
      "objectID": "551490180"
    },
    {
      "name": "Terrence Howard",
      "rating": 496,
      "image_path": "/MZeLxOH0PgL7xcvt865WVBvQDw.jpg",
      "alternative_name": null,
      "objectID": "551490170"
    },
    {
      "name": "David Hemmings",
      "rating": 496,
      "image_path": "/uzJRMPZq9Hv8APMqYsOTSZqcBg6.jpg",
      "alternative_name": null,
      "objectID": "551490160"
    },
    {
      "name": "Angie Harmon",
      "rating": 496,
      "image_path": "/oFsZQuVxgMm9yUl0dZe4ROznIex.jpg",
      "alternative_name": null,
      "objectID": "551490150"
    },
    {
      "name": "Eric Bana",
      "rating": 496,
      "image_path": "/36As49OkTNvT96CzzjXNuKMeuyx.jpg",
      "alternative_name": "Eric Banadinovich",
      "objectID": "551490140"
    },
    {
      "name": "Saori Hara",
      "rating": 496,
      "image_path": "/cLm0XcEAxTKcEVX3k9gmDLflf7y.jpg",
      "alternative_name": null,
      "objectID": "551490130"
    },
    {
      "name": "Christopher Walken",
      "rating": 496,
      "image_path": "/ysO1GwRzLT9OVAB9Y2SKHxomqDr.jpg",
      "alternative_name": null,
      "objectID": "551490120"
    },
    {
      "name": "Selma Ergeç",
      "rating": 495,
      "image_path": "/wiXLPJI1kIKsrkVaSfr7uVhhF3Z.jpg",
      "alternative_name": null,
      "objectID": "551490200"
    },
    {
      "name": "Malcolm McDowell",
      "rating": 494,
      "image_path": "/AalAO1Do9egUr07klE78PWw6Hyq.jpg",
      "alternative_name": null,
      "objectID": "551490260"
    },
    {
      "name": "Keira Knightley",
      "rating": 494,
      "image_path": "/yPuSzncAAPgPI8ut6MqGGXTBGpH.jpg",
      "alternative_name": "Kiera Knightley",
      "objectID": "551490250"
    },
    {
      "name": "Jaime Pressly",
      "rating": 494,
      "image_path": "/poWVzEIu6gO9wkQ0h5GuSGfY4S3.jpg",
      "alternative_name": null,
      "objectID": "551490240"
    },
    {
      "name": "Bradley Cooper",
      "rating": 494,
      "image_path": "/ifjdzZtkR5S5ifSSNQZsVarqFxD.jpg",
      "alternative_name": null,
      "objectID": "551490230"
    },
    {
      "name": "Alexander Ludwig",
      "rating": 494,
      "image_path": "/sKBzp9sgDYXquPnsGvJJveTOAT6.jpg",
      "alternative_name": null,
      "objectID": "551490220"
    },
    {
      "name": "Mads Mikkelsen",
      "rating": 494,
      "image_path": "/hJTB5odoUVrVmLJdkuAMNBRvyvw.jpg",
      "alternative_name": "Mads Dittmann Mikkelsen",
      "objectID": "551490210"
    },
    {
      "name": "Lisa Kudrow",
      "rating": 493,
      "image_path": "/cw9RwrNXn61JPu2Xa53lHfPdjd1.jpg",
      "alternative_name": null,
      "objectID": "551490280"
    },
    {
      "name": "Dana Ashbrook",
      "rating": 493,
      "image_path": "/qk2BsFN6ITljgG7wtGAcitbkFQC.jpg",
      "alternative_name": "Dana V. Ashbrook",
      "objectID": "551490270"
    },
    {
      "name": "Maureen O'Hara",
      "rating": 492,
      "image_path": "/quQgrArKxPxol1dYTxeu71Qk1ng.jpg",
      "alternative_name": null,
      "objectID": "551490320"
    },
    {
      "name": "John Russell",
      "rating": 492,
      "image_path": "/td1PYzG0wBy36tJx7HsnMcabwzp.jpg",
      "alternative_name": null,
      "objectID": "551490310"
    },
    {
      "name": "Will Smith",
      "rating": 492,
      "image_path": "/2iYXDlCvLyVO49louRyDDXagZ0G.jpg",
      "alternative_name": null,
      "objectID": "551490300"
    },
    {
      "name": "Sebastian Stan",
      "rating": 492,
      "image_path": "/yDSXsxlp5MPEtOCz56YzNKakj6m.jpg",
      "alternative_name": null,
      "objectID": "551490290"
    },
    {
      "name": "Kat Dennings",
      "rating": 491,
      "image_path": "/wWT5XV1fQGYl5YvM5ZOZp6cKDGN.jpg",
      "alternative_name": "Katherine V. Litwack",
      "objectID": "551490350"
    },
    {
      "name": "Jake Johnson",
      "rating": 491,
      "image_path": "/7X6pb4SDs9RoXi5gI4Nl8ZiPO4l.jpg",
      "alternative_name": null,
      "objectID": "551490340"
    },
    {
      "name": "Kevin Hart",
      "rating": 491,
      "image_path": "/nTYKqSQzJ9VlYKgqoES7WIDHywi.jpg",
      "alternative_name": null,
      "objectID": "551490330"
    },
    {
      "name": "Kabby Hui",
      "rating": 490,
      "image_path": "/vU1NQ64MQ9cpkCRWd940T2UQoVN.jpg",
      "alternative_name": null,
      "objectID": "551490380"
    },
    {
      "name": "Bill Paxton",
      "rating": 490,
      "image_path": "/53Ln1wTC0OCLzBF4HNlwhMXYgOU.jpg",
      "alternative_name": "William Paxton",
      "objectID": "551490370"
    },
    {
      "name": "Robert Duvall",
      "rating": 490,
      "image_path": "/1aBC7NxPy10ofng6HsJBecJ1vMZ.jpg",
      "alternative_name": null,
      "objectID": "551490360"
    },
    {
      "name": "Tim Robbins",
      "rating": 489,
      "image_path": "/tuZCyZVVbHcpvtCgriSp5RRPwMX.jpg",
      "alternative_name": null,
      "objectID": "551490400"
    },
    {
      "name": "James Marsden",
      "rating": 489,
      "image_path": "/htBil0Vayd09haeUVoKEPxuantT.jpg",
      "alternative_name": null,
      "objectID": "551490390"
    },
    {
      "name": "Ornella Muti",
      "rating": 488,
      "image_path": "/5bwQ4mTsGROX3KHtlvEXkFObpRD.jpg",
      "alternative_name": null,
      "objectID": "551490430"
    },
    {
      "name": "Felicity Jones",
      "rating": 488,
      "image_path": "/b8GTaZlfRCXURMh66G9veKo0hb2.jpg",
      "alternative_name": null,
      "objectID": "551490420"
    },
    {
      "name": "Ron Howard",
      "rating": 488,
      "image_path": "/67WIgpOGIeb4NSN9yIxsOITbnns.jpg",
      "alternative_name": "Ronny Howard",
      "objectID": "551490410"
    },
    {
      "name": "Zooey Deschanel",
      "rating": 486,
      "image_path": "/suOjtxoG1qhAgzzWmRwuFltAVvq.jpg",
      "alternative_name": null,
      "objectID": "551490480"
    },
    {
      "name": "Bridget Fonda",
      "rating": 486,
      "image_path": "/vQc0Y0QBhtXOXBBMMBHy3HfHIsU.jpg",
      "alternative_name": null,
      "objectID": "551490470"
    },
    {
      "name": "George Takei",
      "rating": 486,
      "image_path": "/yXQsJ0ahBXsbxzJUYjwyCxpJHgp.jpg",
      "alternative_name": null,
      "objectID": "551490460"
    },
    {
      "name": "Erin Cummings",
      "rating": 486,
      "image_path": "/76bNbceGypp8j8OEtVFOFraPtnm.jpg",
      "alternative_name": null,
      "objectID": "551490450"
    },
    {
      "name": "Katie Holmes",
      "rating": 486,
      "image_path": "/eYeE0Z1sOvqxt7LsQHK30vUfWaM.jpg",
      "alternative_name": null,
      "objectID": "551490440"
    },
    {
      "name": "Nikolaj Lie Kaas",
      "rating": 485,
      "image_path": "/xO4yWra3xoK0rdzDN4OC8Jwh0FH.jpg",
      "alternative_name": null,
      "objectID": "551490520"
    },
    {
      "name": "Emmy Rossum",
      "rating": 485,
      "image_path": "/lolKZGyxsNcS51I2zPMBkg3OEH2.jpg",
      "alternative_name": null,
      "objectID": "551490510"
    },
    {
      "name": "Amy Smart",
      "rating": 485,
      "image_path": "/gDIto4RCKHOSKfC0rSn8nxmThpN.jpg",
      "alternative_name": null,
      "objectID": "551490500"
    },
    {
      "name": "Helen Hunt",
      "rating": 485,
      "image_path": "/ws1ClG9BBUIVLZRYTNKconJn9Sy.jpg",
      "alternative_name": null,
      "objectID": "551490490"
    },
    {
      "name": "Simon Pegg",
      "rating": 484,
      "image_path": "/onE8N8YciZtSO8hv8TBA6fRpB5b.jpg",
      "alternative_name": null,
      "objectID": "551490550"
    },
    {
      "name": "Ed Harris",
      "rating": 484,
      "image_path": "/a9ITc3shCAWjV4qKf3rgR0Opu3y.jpg",
      "alternative_name": null,
      "objectID": "551490540"
    },
    {
      "name": "Valeria Golino",
      "rating": 484,
      "image_path": "/dv2Uw2jKm4sgxnm6Ft0xDyI76Ps.jpg",
      "alternative_name": null,
      "objectID": "551490530"
    },
    {
      "name": "Richard Widmark",
      "rating": 483,
      "image_path": "/whrZ2aEg3FghVaDJf0JRrEhFLWl.jpg",
      "alternative_name": null,
      "objectID": "551490590"
    },
    {
      "name": "Mandy Moore",
      "rating": 483,
      "image_path": "/15sDtRpe301tZWrRYV31wjMuFpx.jpg",
      "alternative_name": null,
      "objectID": "551490580"
    },
    {
      "name": "Tom Hiddleston",
      "rating": 483,
      "image_path": "/rA0aS2GACY2fwrc7mEJR3f5k5FD.jpg",
      "alternative_name": null,
      "objectID": "551490570"
    },
    {
      "name": "Dakota Fanning",
      "rating": 483,
      "image_path": "/7mabFx7Z4Ol54Rhhy2ITZNaUBa9.jpg",
      "alternative_name": "Hannah Dakota Fanning",
      "objectID": "551490560"
    },
    {
      "name": "Josh Duhamel",
      "rating": 482,
      "image_path": "/hi5OzlZAwf22xRRPLFbKnXNoZ9L.jpg",
      "alternative_name": null,
      "objectID": "551490600"
    },
    {
      "name": "Leslie Bibb",
      "rating": 481,
      "image_path": "/oBoQFa4vvwXsW8PhaAsOmm75gkW.jpg",
      "alternative_name": "Leslie Louise Bibb",
      "objectID": "551490620"
    },
    {
      "name": "Natalie Mendoza",
      "rating": 481,
      "image_path": "/4yeZSEKGvUiCcljsFub2SxFGGuz.jpg",
      "alternative_name": null,
      "objectID": "551490610"
    },
    {
      "name": "Shelley Winters",
      "rating": 479,
      "image_path": "/zVg966M0RVK5kycHZUEDc51QULV.jpg",
      "alternative_name": "Miss Shelley Winters",
      "objectID": "551490640"
    },
    {
      "name": "Armand Assante",
      "rating": 479,
      "image_path": "/m9DCpe9HkIXEAp3aq1wKpmN8mih.jpg",
      "alternative_name": null,
      "objectID": "551490630"
    },
    {
      "name": "Vanessa Hudgens",
      "rating": 478,
      "image_path": "/4TSmDk5NpIi2pIG6J1gJaxvmx5I.jpg",
      "alternative_name": null,
      "objectID": "551490650"
    },
    {
      "name": "Mädchen Amick",
      "rating": 477,
      "image_path": "/y9qpjIzfm78aPHR8wxeTo20bDyV.jpg",
      "alternative_name": "Madchen Amick",
      "objectID": "551490670"
    },
    {
      "name": "Roselyn Sánchez",
      "rating": 477,
      "image_path": "/ctkNxIjd0lQY8tV14n8J6YoFJuA.jpg",
      "alternative_name": "Roselyn Sanchez",
      "objectID": "551490660"
    },
    {
      "name": "Jessica Lange",
      "rating": 475,
      "image_path": "/hC862LK6M6mMcCnhOzIyfvTmQk4.jpg",
      "alternative_name": null,
      "objectID": "551490700"
    },
    {
      "name": "Lana Parrilla",
      "rating": 475,
      "image_path": "/etErVhObfwIfbVhFosBMFlCR0Kq.jpg",
      "alternative_name": null,
      "objectID": "551490690"
    },
    {
      "name": "Margot Robbie",
      "rating": 475,
      "image_path": "/iykyn6Ap1PmHJFp3UP10Mhw2pqE.jpg",
      "alternative_name": null,
      "objectID": "551490680"
    },
    {
      "name": "Anjelica Huston",
      "rating": 474,
      "image_path": "/aWoffHO62SV8KeqKzct8LeXTW72.jpg",
      "alternative_name": null,
      "objectID": "551490730"
    },
    {
      "name": "Hikari Mitsushima",
      "rating": 474,
      "image_path": "/ev3nEn8Vg2BYMZbN34D3xZsEnwz.jpg",
      "alternative_name": null,
      "objectID": "551490720"
    },
    {
      "name": "Leng Hussein",
      "rating": 474,
      "image_path": "/qeDKllvkPDMx1zYHxiqJfPjVCA.jpg",
      "alternative_name": null,
      "objectID": "551490710"
    },
    {
      "name": "Ninet Tayeb",
      "rating": 473,
      "image_path": "/1xxdkREWPNOPGQhFrUWvbLjiNTm.jpg",
      "alternative_name": null,
      "objectID": "551490760"
    },
    {
      "name": "Ann-Margret",
      "rating": 473,
      "image_path": "/jx5lTaJ5VXZHYB52gaOTAZ9STZk.jpg",
      "alternative_name": null,
      "objectID": "551490750"
    },
    {
      "name": "Dave Bautista",
      "rating": 473,
      "image_path": "/oZDL1VprkUEFhOtG5WcVjudj5ks.jpg",
      "alternative_name": "David Michael Bautista Jr.",
      "objectID": "551490740"
    },
    {
      "name": "Rutger Hauer",
      "rating": 472,
      "image_path": "/96XEG75LYFFPb9R03EaN8zipWP4.jpg",
      "alternative_name": null,
      "objectID": "551490790"
    },
    {
      "name": "Jason Segel",
      "rating": 472,
      "image_path": "/49zyYG6HSQm76mN1SLmCCzgIN0Y.jpg",
      "alternative_name": null,
      "objectID": "551490780"
    },
    {
      "name": "Max Riemelt",
      "rating": 472,
      "image_path": "/xEcdqLYpebm2Bv9zEUG0f8oIi6N.jpg",
      "alternative_name": null,
      "objectID": "551490770"
    },
    {
      "name": "Elaine Collins",
      "rating": 471,
      "image_path": "/9fdPgOXeltrBNqPvgZYoSwdQhsn.jpg",
      "alternative_name": null,
      "objectID": "551490810"
    },
    {
      "name": "Melissa McCarthy",
      "rating": 471,
      "image_path": "/jSLdOktZHZOPEE4DzSShxuEeXPy.jpg",
      "alternative_name": null,
      "objectID": "551490800"
    },
    {
      "name": "Ruzaidi Abdul Rahman",
      "rating": 470,
      "image_path": "/2Xbq7Wb2JLRXtrVwcGXvYqWTEeJ.jpg",
      "alternative_name": "MASTER RUZAIDI",
      "objectID": "551490830"
    },
    {
      "name": "Rowan Atkinson",
      "rating": 470,
      "image_path": "/4VrM98lBBZ4JHYDmelv5qA1Stuj.jpg",
      "alternative_name": "Rowan Sebastian Atkinson",
      "objectID": "551490820"
    },
    {
      "name": "Heather Graham",
      "rating": 469,
      "image_path": "/xqKEAblSGSj41hjaiydLiM9BT8h.jpg",
      "alternative_name": "Heather Joan Graham",
      "objectID": "551490870"
    },
    {
      "name": "Lauren Cohan",
      "rating": 469,
      "image_path": "/5W4AV3ZXn38NlEMqPy9QPjwRRz8.jpg",
      "alternative_name": null,
      "objectID": "551490860"
    },
    {
      "name": "Ewan McGregor",
      "rating": 469,
      "image_path": "/lVjs6E3vriUXhHrAx0mSzyOVts2.jpg",
      "alternative_name": null,
      "objectID": "551490850"
    },
    {
      "name": "Bianca Haase",
      "rating": 469,
      "image_path": "/7kL5SWyf9HHBmHk47lCR5S7sddn.jpg",
      "alternative_name": null,
      "objectID": "551490840"
    },
    {
      "name": "Denzel Washington",
      "rating": 468,
      "image_path": "/t9arcZbg1nLt8GZt2SkWm227YoK.jpg",
      "alternative_name": null,
      "objectID": "551490890"
    },
    {
      "name": "Karoline Herfurth",
      "rating": 468,
      "image_path": "/8HVqhIaLQA3MOTO88Ncn6VOCzdp.jpg",
      "alternative_name": null,
      "objectID": "551490880"
    },
    {
      "name": "Christopher Lambert",
      "rating": 466,
      "image_path": "/sIl2F9LDTjfnAVBxEG5CTtZGuJU.jpg",
      "alternative_name": null,
      "objectID": "551490940"
    },
    {
      "name": "Alycia Debnam-Carey",
      "rating": 466,
      "image_path": "/fnWgmKnvy3ROPPD8x6OwuAZ3uuu.jpg",
      "alternative_name": "Alycia Debnam Carey",
      "objectID": "551490930"
    },
    {
      "name": "Liu Shishi",
      "rating": 466,
      "image_path": "/9D9kJrgMoOjzGZEiZwMmJs0eG9X.jpg",
      "alternative_name": "刘诗诗",
      "objectID": "551490920"
    },
    {
      "name": "Paul Bettany",
      "rating": 466,
      "image_path": "/xN2pJ3DIPacYviSSwDovxizPS2w.jpg",
      "alternative_name": null,
      "objectID": "551490910"
    },
    {
      "name": "Famke Janssen",
      "rating": 466,
      "image_path": "/jA9v8JQxseOqbdN1yiEpHEBYyJv.jpg",
      "alternative_name": null,
      "objectID": "551490900"
    },
    {
      "name": "Adam G. Sevani",
      "rating": 465,
      "image_path": "/xrDL7kg9CDBGsfczWX4HZ8s1xcN.jpg",
      "alternative_name": "Adam Sevani",
      "objectID": "551490950"
    },
    {
      "name": "Mae Whitman",
      "rating": 464,
      "image_path": "/dRBcb2fMKPg2aeqIwVVkIuGugCV.jpg",
      "alternative_name": null,
      "objectID": "551490990"
    },
    {
      "name": "Ed Asner",
      "rating": 464,
      "image_path": "/1EysZS86vozSb9pwD7HVGqInfDQ.jpg",
      "alternative_name": "Edward Asher",
      "objectID": "551490980"
    },
    {
      "name": "Chris Rock",
      "rating": 464,
      "image_path": "/5JCYKerIL0SdiqygtLUpG9Sw37P.jpg",
      "alternative_name": null,
      "objectID": "551490970"
    },
    {
      "name": "Jet Li",
      "rating": 464,
      "image_path": "/5himGJzSuLoHwqacTz7sXWqgeMt.jpg",
      "alternative_name": "Jet Lee Lin-Kit",
      "objectID": "551490960"
    },
    {
      "name": "Emile Hirsch",
      "rating": 463,
      "image_path": "/A2ISM7KgjdC4zSwCHBbc9nzqCPA.jpg",
      "alternative_name": null,
      "objectID": "551491000"
    },
    {
      "name": "Ashton Kutcher",
      "rating": 462,
      "image_path": "/g9FF8F6zoYlRJGU0KQGSklqsbOd.jpg",
      "alternative_name": null,
      "objectID": "551491020"
    },
    {
      "name": "Jake McDorman",
      "rating": 462,
      "image_path": "/bgNT9JqepDtxP6ryfGVBAECvUgX.jpg",
      "alternative_name": null,
      "objectID": "551491010"
    },
    {
      "name": "Julie Dreyfus",
      "rating": 461,
      "image_path": "/vkUvcV6oFkZXcIv4SGeW66LUoqC.jpg",
      "alternative_name": null,
      "objectID": "551491060"
    },
    {
      "name": "Ian Somerhalder",
      "rating": 461,
      "image_path": "/5LwxVwxf5pLVycUeYE3uMmk5oS7.jpg",
      "alternative_name": null,
      "objectID": "551491050"
    },
    {
      "name": "Matthew Lillard",
      "rating": 461,
      "image_path": "/gJsQkX20g0ABquHqVpBJzMXR2JF.jpg",
      "alternative_name": null,
      "objectID": "551491040"
    },
    {
      "name": "Steve Martin",
      "rating": 461,
      "image_path": "/8Weyf4wJdKqmWLVN7L3jLw4qf5.jpg",
      "alternative_name": null,
      "objectID": "551491030"
    },
    {
      "name": "Renée Zellweger",
      "rating": 460,
      "image_path": "/rAfHyC0IxqwRTKuwosU85ZwQicL.jpg",
      "alternative_name": null,
      "objectID": "551491080"
    },
    {
      "name": "Selma Stern",
      "rating": 460,
      "image_path": null,
      "alternative_name": null,
      "objectID": "551491070"
    },
    {
      "name": "Greg Kinnear",
      "rating": 459,
      "image_path": "/agOTbOC76I6rC7TPuCTquvngXRu.jpg",
      "alternative_name": null,
      "objectID": "551491130"
    },
    {
      "name": "James Coburn",
      "rating": 459,
      "image_path": "/4VkbAYRB5FRt3ZpEsOQ5TbuvRz9.jpg",
      "alternative_name": null,
      "objectID": "551491120"
    },
    {
      "name": "Colm Meaney",
      "rating": 459,
      "image_path": "/irPAowqDk7llCvm8uyCJuBClzJw.jpg",
      "alternative_name": null,
      "objectID": "551491110"
    },
    {
      "name": "Elisha Cook Jr.",
      "rating": 459,
      "image_path": "/gUkN2IZ49VrHsnahLMu4STIYvyJ.jpg",
      "alternative_name": null,
      "objectID": "551491100"
    },
    {
      "name": "Richard Harris",
      "rating": 459,
      "image_path": "/64jkJJtL5sins6nwGKOERduLSEA.jpg",
      "alternative_name": null,
      "objectID": "551491090"
    },
    {
      "name": "Elisabeth Shue",
      "rating": 458,
      "image_path": "/44AaIXkbZFkdhSW1kRdzCbfYk6c.jpg",
      "alternative_name": null,
      "objectID": "551491160"
    },
    {
      "name": "Ti Lung",
      "rating": 458,
      "image_path": "/9QWOifnem9XKwmWx2tFvqZFwP72.jpg",
      "alternative_name": "Lung Ti",
      "objectID": "551491150"
    },
    {
      "name": "Naomie Harris",
      "rating": 458,
      "image_path": "/yNaberqwRKkz4ry8ggQQGSaSBo2.jpg",
      "alternative_name": null,
      "objectID": "551491140"
    },
    {
      "name": "Whoopi Goldberg",
      "rating": 457,
      "image_path": "/n3lF8w4X4rDa4J2LMDIxMEcuUeH.jpg",
      "alternative_name": "Caryn Elaine Johnson",
      "objectID": "551491190"
    },
    {
      "name": "Tobey Maguire",
      "rating": 457,
      "image_path": "/15mDmFEHoVGpfvEGjhFDgJPqoJ9.jpg",
      "alternative_name": null,
      "objectID": "551491180"
    },
    {
      "name": "Carly Chaikin",
      "rating": 457,
      "image_path": "/mWZ9NrxifTjVzADdI8iK9qu5yDK.jpg",
      "alternative_name": "Carly Hannah Chaikin",
      "objectID": "551491170"
    },
    {
      "name": "Tim Roth",
      "rating": 456,
      "image_path": "/r4jtlboNqWPz2dOHafrPJE4Yd94.jpg",
      "alternative_name": null,
      "objectID": "551491220"
    },
    {
      "name": "Charlotte Rampling",
      "rating": 456,
      "image_path": "/iuggCphmBfNoUFaUWfpJCTxX4e6.jpg",
      "alternative_name": null,
      "objectID": "551491210"
    },
    {
      "name": "Pamela Anderson",
      "rating": 456,
      "image_path": "/21rgWZOkgiPSbEx2QXN22tZilc6.jpg",
      "alternative_name": null,
      "objectID": "551491200"
    },
    {
      "name": "Toni Collette",
      "rating": 455,
      "image_path": "/oMps1ZPH3dHmqZmrpZcRiyUBgA.jpg",
      "alternative_name": "Antonia Collette",
      "objectID": "551491250"
    },
    {
      "name": "Noah Taylor",
      "rating": 455,
      "image_path": "/dSlH0WA09dVqQhgB7LB5xn8WzD.jpg",
      "alternative_name": null,
      "objectID": "551491240"
    },
    {
      "name": "Tony Curtis",
      "rating": 455,
      "image_path": "/pgI8yJsEjEE4YU1PEGhsa3pdQXp.jpg",
      "alternative_name": "Bernard Herschel Schwartz",
      "objectID": "551491230"
    },
    {
      "name": "Ben Chaplin",
      "rating": 365,
      "image_path": "/6isUJ1s5U1QfPgNDkK8nTEjlb5X.jpg",
      "alternative_name": "Benedict John Greenwood",
      "objectID": "551489940"
    },
    {
      "name": "Ray Winstone",
      "rating": 332,
      "image_path": "/PortzKA9M8dCOvr44dGdczxMoz4.jpg",
      "alternative_name": "Raymond Andrew Winstone",
      "objectID": "551486290"
    },
    {
      "name": "C. Thomas Howell",
      "rating": 332,
      "image_path": "/POrtkxOnn1JEKwd0nlbBuZfS7Sf.jpg",
      "alternative_name": null,
      "objectID": "551486280"
    },
    {
      "name": "John Cho",
      "rating": 332,
      "image_path": "/poRTpkKGun8BS7GjCqXrzthTOk4.jpg",
      "alternative_name": "John Yohan Cho",
      "objectID": "551486270"
    },
    {
      "name": "Arielle Kebbel",
      "rating": 299,
      "image_path": "/f5mvkSgmvEHNfe25XLxN2sb923I.jpg",
      "alternative_name": null,
      "objectID": "551491260"
    }
  ]